comparison,generated_count,mean_difference,ci95_low,ci95_high
raw_wavegan_g150_minus_baseline,150,0.22745098039215686,0.14248366013071898,0.3215686274509804
raw_wavegan_g300_minus_baseline,300,0.29281045751633983,0.14771241830065357,0.4379084967320262
raw_wavegan_g450_minus_baseline,450,0.2666666666666667,0.12679738562091505,0.4117647058823529
raw_wavegan_g600_minus_baseline,600,0.1738562091503268,-0.06274509803921566,0.3647058823529412
raw_wavegan_g750_minus_baseline,750,0.21045751633986928,0.01307189542483662,0.4
raw_wavegan_g900_minus_baseline,900,0.2496732026143791,0.14901960784313723,0.35947712418300654
raw_wavegan_g1050_minus_baseline,1050,0.19607843137254902,0.060130718954248354,0.33856209150326794
raw_wavegan_g1197_minus_baseline,1197,0.1973856209150327,0.1320261437908497,0.3098039215686274
joint_wavegan_g150_minus_baseline,150,0.09019607843137255,-0.05620915032679739,0.2549019607843137
joint_wavegan_g300_minus_baseline,300,0.08758169934640525,-0.07712418300653592,0.29150326797385623
joint_wavegan_g450_minus_baseline,450,0.07320261437908498,-0.09542483660130717,0.2758169934640523
joint_wavegan_g600_minus_baseline,600,0.06143790849673203,-0.13464052287581693,0.22875816993464052
joint_wavegan_g750_minus_baseline,750,-0.0326797385620915,-0.15686274509803919,0.06274509803921569
joint_wavegan_g900_minus_baseline,900,0.015686274509803932,-0.10849673202614378,0.15575163398692526
joint_wavegan_g1050_minus_baseline,1050,-0.053594771241830055,-0.18431372549019606,0.09019607843137256
joint_wavegan_g1197_minus_baseline,1197,-0.039215686274509796,-0.19738562091503267,0.11241830065359477
joint_minus_raw_g150,150,-0.13725490196078433,-0.19869281045751636,-0.04444444444444441
joint_minus_raw_g300,300,-0.20522875816993463,-0.25620915032679736,-0.13464052287581696
joint_minus_raw_g450,450,-0.19346405228758168,-0.23529411764705882,-0.12941176470588234
joint_minus_raw_g600,600,-0.11241830065359479,-0.14771241830065365,-0.06535947712418302
joint_minus_raw_g750,750,-0.2431372549019608,-0.34117647058823525,-0.14901960784313723
joint_minus_raw_g900,900,-0.23398692810457514,-0.37777777777777777,-0.08235294117647056
joint_minus_raw_g1050,1050,-0.24967320261437903,-0.38169934640522873,-0.1411764705882353
joint_minus_raw_g1197,1197,-0.23660130718954248,-0.38300653594771245,-0.0849673202614379
