method,generated_count,seed,epochs,train_real_positive,train_negative,positive_count,detected_count,missed_count,detection_rate,miss_rate,mean_positive_probability
baseline,0,369,50,600,600,153,85,68,0.5555555555555556,0.4444444444444444,0.5123731577397991
baseline,0,370,50,600,600,153,33,120,0.21568627450980393,0.7843137254901961,0.2585983667279186
baseline,0,371,50,600,600,153,75,78,0.49019607843137253,0.5098039215686274,0.46355332484828526
baseline,0,372,50,600,600,153,78,75,0.5098039215686274,0.4901960784313726,0.46794797971409446
baseline,0,373,50,600,600,153,53,100,0.3464052287581699,0.6535947712418301,0.3714974395043576
raw_wavegan,150,369,50,600,750,153,108,45,0.7058823529411765,0.2941176470588235,0.5949102311566878
raw_wavegan,150,370,50,600,750,153,91,62,0.5947712418300654,0.40522875816993464,0.5420709897532338
raw_wavegan,150,371,50,600,750,153,100,53,0.6535947712418301,0.3464052287581699,0.5845155784129044
raw_wavegan,150,372,50,600,750,153,97,56,0.6339869281045751,0.36601307189542487,0.5288785393129111
raw_wavegan,150,373,50,600,750,153,102,51,0.6666666666666666,0.33333333333333337,0.593771640137538
raw_wavegan,300,369,50,600,900,153,91,62,0.5947712418300654,0.40522875816993464,0.5193310721693302
raw_wavegan,300,370,50,600,900,153,115,38,0.7516339869281046,0.24836601307189543,0.6600732185613072
raw_wavegan,300,371,50,600,900,153,110,43,0.7189542483660131,0.28104575163398693,0.5922277724626017
raw_wavegan,300,372,50,600,900,153,111,42,0.7254901960784313,0.27450980392156865,0.588291695634985
raw_wavegan,300,373,50,600,900,153,121,32,0.7908496732026143,0.20915032679738566,0.6958202225014604
raw_wavegan,450,369,50,600,1050,153,106,47,0.6928104575163399,0.30718954248366015,0.5551733989839205
raw_wavegan,450,370,50,600,1050,153,109,44,0.7124183006535948,0.2875816993464052,0.6239146102642872
raw_wavegan,450,371,50,600,1050,153,89,64,0.5816993464052288,0.4183006535947712,0.5237951943395185
raw_wavegan,450,372,50,600,1050,153,105,48,0.6862745098039216,0.3137254901960784,0.6000094525783294
raw_wavegan,450,373,50,600,1050,153,119,34,0.7777777777777778,0.2222222222222222,0.660753018061632
raw_wavegan,600,369,50,600,1200,153,107,46,0.6993464052287581,0.30065359477124187,0.5499809837578248
raw_wavegan,600,370,50,600,1200,153,108,45,0.7058823529411765,0.2941176470588235,0.5964483069286384
raw_wavegan,600,371,50,600,1200,153,33,120,0.21568627450980393,0.7843137254901961,0.3637788982611466
raw_wavegan,600,372,50,600,1200,153,110,43,0.7189542483660131,0.28104575163398693,0.6025972917738365
raw_wavegan,600,373,50,600,1200,153,99,54,0.6470588235294118,0.3529411764705882,0.5291530791604648
raw_wavegan,750,369,50,600,1350,153,98,55,0.6405228758169934,0.3594771241830066,0.5444206540804551
raw_wavegan,750,370,50,600,1350,153,110,43,0.7189542483660131,0.28104575163398693,0.598226041848059
raw_wavegan,750,371,50,600,1350,153,54,99,0.35294117647058826,0.6470588235294117,0.4504627515896668
raw_wavegan,750,372,50,600,1350,153,110,43,0.7189542483660131,0.28104575163398693,0.5959785859773142
raw_wavegan,750,373,50,600,1350,153,113,40,0.738562091503268,0.261437908496732,0.6684314539881265
raw_wavegan,900,369,50,600,1500,153,98,55,0.6405228758169934,0.3594771241830066,0.5262334221868252
raw_wavegan,900,370,50,600,1500,153,100,53,0.6535947712418301,0.3464052287581699,0.5471699415231306
raw_wavegan,900,371,50,600,1500,153,112,41,0.7320261437908496,0.2679738562091504,0.6002513682287113
raw_wavegan,900,372,50,600,1500,153,114,39,0.7450980392156863,0.2549019607843137,0.6095797029305615
raw_wavegan,900,373,50,600,1500,153,91,62,0.5947712418300654,0.40522875816993464,0.5254408400819646
raw_wavegan,1050,369,50,600,1650,153,98,55,0.6405228758169934,0.3594771241830066,0.5268175796077023
raw_wavegan,1050,370,50,600,1650,153,98,55,0.6405228758169934,0.3594771241830066,0.5458787985852146
raw_wavegan,1050,371,50,600,1650,153,74,79,0.48366013071895425,0.5163398692810457,0.47297734520367646
raw_wavegan,1050,372,50,600,1650,153,100,53,0.6535947712418301,0.3464052287581699,0.5925221294857063
raw_wavegan,1050,373,50,600,1650,153,104,49,0.6797385620915033,0.3202614379084967,0.6097229895689084
raw_wavegan,1197,369,50,600,1797,153,104,49,0.6797385620915033,0.3202614379084967,0.5420819779108902
raw_wavegan,1197,370,50,600,1797,153,97,56,0.6339869281045751,0.36601307189542487,0.5665827855358229
raw_wavegan,1197,371,50,600,1797,153,95,58,0.6209150326797386,0.3790849673202614,0.5260487455673808
raw_wavegan,1197,372,50,600,1797,153,101,52,0.6601307189542484,0.33986928104575165,0.6066946168627979
raw_wavegan,1197,373,50,600,1797,153,78,75,0.5098039215686274,0.4901960784313726,0.47568156749531865
joint_wavegan,150,369,50,600,750,153,77,76,0.5032679738562091,0.49673202614379086,0.5142824317380372
joint_wavegan,150,370,50,600,750,153,68,85,0.4444444444444444,0.5555555555555556,0.4364354885433891
joint_wavegan,150,371,50,600,750,153,74,79,0.48366013071895425,0.5163398692810457,0.4848016327010389
joint_wavegan,150,372,50,600,750,153,65,88,0.42483660130718953,0.5751633986928104,0.43994002992642184
joint_wavegan,150,373,50,600,750,153,109,44,0.7124183006535948,0.2875816993464052,0.627300230669789
joint_wavegan,300,369,50,600,900,153,62,91,0.40522875816993464,0.5947712418300654,0.47166416278942885
joint_wavegan,300,370,50,600,900,153,104,49,0.6797385620915033,0.3202614379084967,0.6010666672026989
joint_wavegan,300,371,50,600,900,153,72,81,0.47058823529411764,0.5294117647058824,0.48713832064052387
joint_wavegan,300,372,50,600,900,153,73,80,0.477124183006536,0.522875816993464,0.46574577366736536
joint_wavegan,300,373,50,600,900,153,80,73,0.5228758169934641,0.4771241830065359,0.4460613994445999
joint_wavegan,450,369,50,600,1050,153,69,84,0.45098039215686275,0.5490196078431373,0.48415593644588867
joint_wavegan,450,370,50,600,1050,153,99,54,0.6470588235294118,0.3529411764705882,0.5666448664813443
joint_wavegan,450,371,50,600,1050,153,57,96,0.37254901960784315,0.6274509803921569,0.42563463567704374
joint_wavegan,450,372,50,600,1050,153,73,80,0.477124183006536,0.522875816993464,0.44591351301109516
joint_wavegan,450,373,50,600,1050,153,82,71,0.5359477124183006,0.46405228758169936,0.49477929347084404
joint_wavegan,600,369,50,600,1200,153,86,67,0.5620915032679739,0.43790849673202614,0.5210446472008853
joint_wavegan,600,370,50,600,1200,153,83,70,0.5424836601307189,0.4575163398692811,0.49920253231139927
joint_wavegan,600,371,50,600,1200,153,30,123,0.19607843137254902,0.803921568627451,0.2647348746617045
joint_wavegan,600,372,50,600,1200,153,94,59,0.6143790849673203,0.3856209150326797,0.5578298454002995
joint_wavegan,600,373,50,600,1200,153,78,75,0.5098039215686274,0.4901960784313726,0.4529890726071066
joint_wavegan,750,369,50,600,1350,153,76,77,0.49673202614379086,0.5032679738562091,0.49737432248204844
joint_wavegan,750,370,50,600,1350,153,48,105,0.3137254901960784,0.6862745098039216,0.37134648650143526
joint_wavegan,750,371,50,600,1350,153,33,120,0.21568627450980393,0.7843137254901961,0.2608865656193005
joint_wavegan,750,372,50,600,1350,153,82,71,0.5359477124183006,0.46405228758169936,0.48104760137976926
joint_wavegan,750,373,50,600,1350,153,60,93,0.39215686274509803,0.607843137254902,0.3956529824708507
joint_wavegan,900,369,50,600,1500,153,59,94,0.38562091503267976,0.6143790849673203,0.4541167383844237
joint_wavegan,900,370,50,600,1500,153,28,125,0.1830065359477124,0.8169934640522876,0.29298064564952014
joint_wavegan,900,371,50,600,1500,153,62,91,0.40522875816993464,0.5947712418300654,0.43102859144534283
joint_wavegan,900,372,50,600,1500,153,91,62,0.5947712418300654,0.40522875816993464,0.5079593226423254
joint_wavegan,900,373,50,600,1500,153,96,57,0.6274509803921569,0.37254901960784315,0.5611507421300285
joint_wavegan,1050,369,50,600,1650,153,53,100,0.3464052287581699,0.6535947712418301,0.44544352670911597
joint_wavegan,1050,370,50,600,1650,153,22,131,0.1437908496732026,0.8562091503267975,0.2704596717342973
joint_wavegan,1050,371,50,600,1650,153,42,111,0.27450980392156865,0.7254901960784313,0.3218487147457732
joint_wavegan,1050,372,50,600,1650,153,80,73,0.5228758169934641,0.4771241830065359,0.5009557027424664
joint_wavegan,1050,373,50,600,1650,153,86,67,0.5620915032679739,0.43790849673202614,0.5432188605934148
joint_wavegan,1197,369,50,600,1797,153,53,100,0.3464052287581699,0.6535947712418301,0.4269909824492346
joint_wavegan,1197,370,50,600,1797,153,41,112,0.2679738562091503,0.7320261437908497,0.3217224565776549
joint_wavegan,1197,371,50,600,1797,153,30,123,0.19607843137254902,0.803921568627451,0.274348150534577
joint_wavegan,1197,372,50,600,1797,153,101,52,0.6601307189542484,0.33986928104575165,0.613613693757965
joint_wavegan,1197,373,50,600,1797,153,69,84,0.45098039215686275,0.5490196078431373,0.4431862060558285
