method,method_label,generated_count,positive_count,negative_count,runs,detection_rate_mean,detection_rate_std,miss_rate_mean,mean_positive_probability,mean_positive_probability_std
baseline,No augmentation,0,600,600,5,0.4235294117647059,0.14005851227167448,0.5764705882352941,0.41479405370689093,0.10123756386381554
raw_wavegan,Raw WaveGAN,150,750,750,5,0.6509803921568628,0.04097366802263395,0.34901960784313724,0.568829395754655,0.03106632050419345
raw_wavegan,Raw WaveGAN,300,900,900,5,0.7163398692810458,0.07359836998828363,0.28366013071895424,0.6111487962659369,0.06869096768679608
raw_wavegan,Raw WaveGAN,450,1050,1050,5,0.6901960784313725,0.07063663312996755,0.30980392156862746,0.5927291348455375,0.0543486592313362
raw_wavegan,Raw WaveGAN,600,1200,1200,5,0.5973856209150327,0.21512106572967588,0.40261437908496733,0.5283917119763822,0.09708530136542382
raw_wavegan,Raw WaveGAN,750,1350,1350,5,0.6339869281045752,0.1615582626706964,0.36601307189542476,0.5715038974967244,0.08076585859567756
raw_wavegan,Raw WaveGAN,900,1500,1500,5,0.673202614379085,0.06370453820136578,0.326797385620915,0.5617350549902386,0.04050430600517586
raw_wavegan,Raw WaveGAN,1050,1650,1650,5,0.6196078431372548,0.07766510210464286,0.3803921568627452,0.5495837684902416,0.05445410683299884
raw_wavegan,Raw WaveGAN,1197,1797,1797,5,0.6209150326797386,0.06617142722652482,0.3790849673202614,0.5434179386744421,0.04855985423560312
joint_wavegan,PSD+Crest WaveGAN,150,750,750,5,0.5137254901960785,0.11531827292794397,0.4862745098039215,0.5005519627157351,0.07792055370896409
joint_wavegan,PSD+Crest WaveGAN,300,900,900,5,0.5111111111111112,0.10317692685318232,0.4888888888888888,0.49433526474892336,0.06145138771832062
joint_wavegan,PSD+Crest WaveGAN,450,1050,1050,5,0.49673202614379086,0.10251233425724263,0.5032679738562091,0.48342564901724316,0.05431813299459818
joint_wavegan,PSD+Crest WaveGAN,600,1200,1200,5,0.48496732026143796,0.16588951194140036,0.515032679738562,0.459160194436279,0.11511739882823724
joint_wavegan,PSD+Crest WaveGAN,750,1350,1350,5,0.3908496732026143,0.1312407884759334,0.6091503267973857,0.4012615916906809,0.0951774426041779
joint_wavegan,PSD+Crest WaveGAN,900,1500,1500,5,0.43921568627450985,0.17979203007460018,0.5607843137254902,0.4494472080503281,0.10092594089310018
joint_wavegan,PSD+Crest WaveGAN,1050,1650,1650,5,0.3699346405228758,0.17400848410241818,0.6300653594771242,0.4163852953050135,0.11652761538426674
joint_wavegan,PSD+Crest WaveGAN,1197,1797,1797,5,0.3843137254901961,0.18091711057025772,0.615686274509804,0.415972297875052,0.13121029043987417
