crest_loss_weight,psd_loss_weight,seed,checkpoint,time,frequency,distribution,composite_score
0.1,0.1,369,D:\Project_Github\DCGAN-PyTorch\wavegan_PSD_crest\runs\crest_0.1_psd_0.1\seed_369\checkpoints\wavegan_epoch_0200.pt,0.1723288527370516,-0.26402013547927783,0.018383117210701683,-0.024436055177174853
0.1,0.2,369,D:\Project_Github\DCGAN-PyTorch\wavegan_PSD_crest\runs\crest_0.1_psd_0.2\seed_369\checkpoints\wavegan_epoch_0200.pt,0.29158892555063437,-0.14818693559050752,0.05135572953649169,0.06491923983220617
0.1,0.4,369,D:\Project_Github\DCGAN-PyTorch\wavegan_PSD_crest\runs\crest_0.1_psd_0.4\seed_369\checkpoints\wavegan_epoch_0200.pt,0.4173523929401174,-0.1126286469808091,0.08412354400569491,0.12961576332166772
0.1,0.7,369,D:\Project_Github\DCGAN-PyTorch\wavegan_PSD_crest\runs\crest_0.1_psd_0.7\seed_369\checkpoints\wavegan_epoch_0200.pt,0.5758374794210537,-0.11384001367879248,0.10190717546758042,0.18796821373661388
0.1,1.0,369,D:\Project_Github\DCGAN-PyTorch\wavegan_PSD_crest\runs\crest_0.1_psd_1\seed_369\checkpoints\wavegan_epoch_0200.pt,0.6477044179869785,-0.25219631346000304,0.13693342752498228,0.17748051068398593
0.3,0.1,369,D:\Project_Github\DCGAN-PyTorch\wavegan_PSD_crest\runs\crest_0.3_psd_0.1\seed_369\checkpoints\wavegan_epoch_0200.pt,-0.04244328480127937,-0.28104738372921934,0.022595570900355112,-0.10029836587671452
0.3,0.2,369,D:\Project_Github\DCGAN-PyTorch\wavegan_PSD_crest\runs\crest_0.3_psd_0.2\seed_369\checkpoints\wavegan_epoch_0200.pt,0.14276736026237763,-0.27817944883695117,0.05207834662178348,-0.027777913984263353
0.3,0.4,369,D:\Project_Github\DCGAN-PyTorch\wavegan_PSD_crest\runs\crest_0.3_psd_0.4\seed_369\checkpoints\wavegan_epoch_0200.pt,0.44692203746230347,-0.16755876665981378,0.09660969858174222,0.12532432312807731
0.3,0.7,369,D:\Project_Github\DCGAN-PyTorch\wavegan_PSD_crest\runs\crest_0.3_psd_0.7\seed_369\checkpoints\wavegan_epoch_0200.pt,0.5022992138920929,0.05473169157872719,0.09339300373908341,0.2168079697366345
0.3,1.0,369,D:\Project_Github\DCGAN-PyTorch\wavegan_PSD_crest\runs\crest_0.3_psd_1\seed_369\checkpoints\wavegan_epoch_0200.pt,0.5393191733418201,0.05899437508320613,0.13024192825492203,0.24285182555998275
0.5,0.1,369,D:\Project_Github\DCGAN-PyTorch\wavegan_PSD_crest\runs\crest_0.5_psd_0.1\seed_369\checkpoints\wavegan_epoch_0200.pt,0.008964238375944822,-0.12103689102226171,0.06987801189026316,-0.014064880252017914
0.5,0.2,369,D:\Project_Github\DCGAN-PyTorch\wavegan_PSD_crest\runs\crest_0.5_psd_0.2\seed_369\checkpoints\wavegan_epoch_0200.pt,-0.1154471752837127,-0.1416861668804044,0.02634230636310947,-0.07693034526700254
0.5,0.4,369,D:\Project_Github\DCGAN-PyTorch\wavegan_PSD_crest\runs\crest_0.5_psd_0.4\seed_369\checkpoints\wavegan_epoch_0200.pt,0.1592605636851724,-0.25861216158860134,0.10180101644676509,0.0008164728477787209
0.5,0.7,369,D:\Project_Github\DCGAN-PyTorch\wavegan_PSD_crest\runs\crest_0.5_psd_0.7\seed_369\checkpoints\wavegan_epoch_0200.pt,0.2360086281272936,-0.045820284421311974,0.12919432042609905,0.10646088804402688
0.5,1.0,369,D:\Project_Github\DCGAN-PyTorch\wavegan_PSD_crest\runs\crest_0.5_psd_1\seed_369\checkpoints\wavegan_epoch_0200.pt,0.40772358294818856,0.27327258706536367,0.15719472123416411,0.2793969637492388
0.7,0.1,369,D:\Project_Github\DCGAN-PyTorch\wavegan_PSD_crest\runs\crest_0.7_psd_0.1\seed_369\checkpoints\wavegan_epoch_0200.pt,-0.12790840463589606,-0.38656099732997884,0.039440992282627034,-0.15834280322774927
0.7,0.2,369,D:\Project_Github\DCGAN-PyTorch\wavegan_PSD_crest\runs\crest_0.7_psd_0.2\seed_369\checkpoints\wavegan_epoch_0200.pt,-0.033925255666783706,-0.006631409799041493,0.05242319428747208,0.003955509607215628
0.7,0.4,369,D:\Project_Github\DCGAN-PyTorch\wavegan_PSD_crest\runs\crest_0.7_psd_0.4\seed_369\checkpoints\wavegan_epoch_0200.pt,-0.028769697807695692,-0.12030662106569986,0.10616388129548401,-0.01430414585930385
0.7,0.7,369,D:\Project_Github\DCGAN-PyTorch\wavegan_PSD_crest\runs\crest_0.7_psd_0.7\seed_369\checkpoints\wavegan_epoch_0200.pt,0.16897529388175428,-0.15106566466172253,0.13956987355083716,0.05249316759028964
0.7,1.0,369,D:\Project_Github\DCGAN-PyTorch\wavegan_PSD_crest\runs\crest_0.7_psd_1\seed_369\checkpoints\wavegan_epoch_0200.pt,0.3240054034018807,0.11300971109072741,0.1663686761148913,0.20112793020249983
1.0,0.1,369,D:\Project_Github\DCGAN-PyTorch\wavegan_PSD_crest\runs\crest_1_psd_0.1\seed_369\checkpoints\wavegan_epoch_0200.pt,-0.41286683596311907,-0.1072802402749328,0.08673750979923056,-0.1444698554796071
1.0,0.2,369,D:\Project_Github\DCGAN-PyTorch\wavegan_PSD_crest\runs\crest_1_psd_0.2\seed_369\checkpoints\wavegan_epoch_0200.pt,-0.23199111697229052,-0.15506384140152663,0.08749293388154311,-0.09985400816409135
1.0,0.4,369,D:\Project_Github\DCGAN-PyTorch\wavegan_PSD_crest\runs\crest_1_psd_0.4\seed_369\checkpoints\wavegan_epoch_0200.pt,-0.09104979774964408,-0.029671980076036553,0.12507030465214472,0.0014495089421546943
1.0,0.7,369,D:\Project_Github\DCGAN-PyTorch\wavegan_PSD_crest\runs\crest_1_psd_0.7\seed_369\checkpoints\wavegan_epoch_0200.pt,0.19327207796609114,0.2901504183293784,0.3133950057912086,0.2656058340288927
1.0,1.0,369,D:\Project_Github\DCGAN-PyTorch\wavegan_PSD_crest\runs\crest_1_psd_1\seed_369\checkpoints\wavegan_epoch_0200.pt,-0.02127153084863742,0.18979029607147918,0.20594870716911523,0.124822490797319
0.6,0.05,369,D:\Project_Github\DCGAN-PyTorch\wavegan_PSD_crest\runs\crest_0.6_psd_0.05\seed_369\checkpoints\wavegan_epoch_0200.pt,-0.19696299992070226,-0.1502691357578526,0.01621067571386191,-0.11034048665489765
0.6,0.1,369,D:\Project_Github\DCGAN-PyTorch\wavegan_PSD_crest\runs\crest_0.6_psd_0.1\seed_369\checkpoints\wavegan_epoch_0200.pt,-0.19440739112869382,-0.24836766499619709,0.018822526503511777,-0.14131750987379302
0.6,0.15000000000000002,369,D:\Project_Github\DCGAN-PyTorch\wavegan_PSD_crest\runs\crest_0.6_psd_0.15\seed_369\checkpoints\wavegan_epoch_0200.pt,-0.13713910901467238,-0.4284929031130266,0.046019561468313736,-0.17320415021979507
0.7,0.05,369,D:\Project_Github\DCGAN-PyTorch\wavegan_PSD_crest\runs\crest_0.7_psd_0.05\seed_369\checkpoints\wavegan_epoch_0200.pt,-0.15920466731376035,0.01172994071648083,0.039310208813368386,-0.036054839261303706
0.7,0.15000000000000002,369,D:\Project_Github\DCGAN-PyTorch\wavegan_PSD_crest\runs\crest_0.7_psd_0.15\seed_369\checkpoints\wavegan_epoch_0200.pt,-0.21413462761913457,-0.19285677571235085,0.04222180625259674,-0.12158986569296289
0.85,0.05,369,D:\Project_Github\DCGAN-PyTorch\wavegan_PSD_crest\runs\crest_0.85_psd_0.05\seed_369\checkpoints\wavegan_epoch_0200.pt,-0.2628187826949075,-0.012561137145038103,0.04277652816259503,-0.07753446389245018
0.85,0.1,369,D:\Project_Github\DCGAN-PyTorch\wavegan_PSD_crest\runs\crest_0.85_psd_0.1\seed_369\checkpoints\wavegan_epoch_0200.pt,-0.14738825929819183,-0.07348222168459141,0.042173745629169535,-0.05956557845120456
0.85,0.15000000000000002,369,D:\Project_Github\DCGAN-PyTorch\wavegan_PSD_crest\runs\crest_0.85_psd_0.15\seed_369\checkpoints\wavegan_epoch_0200.pt,-0.20884517760199683,-0.16231227980450155,0.06702205331068425,-0.10137846803193806
