group,count,feature,mean
raw_detect_joint_miss,39,crest,4.641522694856692
raw_detect_joint_miss,39,half_peak_span_samples,11.76923076923077
raw_detect_joint_miss,39,centroid_khz,51.71107135973758
raw_detect_joint_miss,39,bandwidth_khz,15.348095459115589
raw_detect_joint_miss,39,peak_frequency_khz,49.15384615384615
raw_detect_joint_miss,39,tail_energy_fraction,0.04866112016427975
raw_detect_joint_miss,39,nn_l2_to_real_train,1.3733845927898345
raw_detect_joint_miss,39,nn_l2_to_raw,1.3132280459775245
raw_detect_joint_miss,39,nn_l2_to_joint,1.3375370120684595
raw_detect_joint_miss,39,nn_l2_to_sorted,1.3205443457807957
remaining,114,crest,4.350535574712251
remaining,114,half_peak_span_samples,16.29824561403509
remaining,114,centroid_khz,51.21833548638481
remaining,114,bandwidth_khz,15.112717684216365
remaining,114,peak_frequency_khz,45.11842105263158
remaining,114,tail_energy_fraction,0.10064165123427908
remaining,114,nn_l2_to_real_train,1.6098154257747352
remaining,114,nn_l2_to_raw,1.5481849421198568
remaining,114,nn_l2_to_joint,1.588008770204152
remaining,114,nn_l2_to_sorted,1.569142730731481
