dataset,feature,q10,median,q90,std,wasserstein_to_ood
real_train,crest,4.7915349960327145,5.8353681564331055,6.780739784240723,0.7664843115983965,1.3993289168364083
real_train,half_peak_span_samples,4.0,7.0,15.0,4.743321620974061,7.113790849673203
real_train,centroid_khz,70.23197386727358,91.15087870261843,108.55950546353748,15.040510177275046,38.98449884738007
real_train,bandwidth_khz,22.28782133815564,27.209212573475163,34.86193678238122,5.319219848698157,12.702752052453446
real_train,peak_frequency_khz,49.5,94.5,117.0,23.400854551703876,44.10044117647058
real_train,tail_energy_fraction,0.013533004559576511,0.042918821796774864,0.11891117468476298,0.049826125009533165,0.03282290770329863
ood,crest,3.5820168972015383,4.55787467956543,5.047585105895996,0.5626530145523585,0.0
ood,half_peak_span_samples,8.0,11.0,29.0,11.337034171219269,0.0
ood,centroid_khz,40.59539941534317,50.961533599576455,64.71181050959726,8.647278691592128,0.0
ood,bandwidth_khz,12.458669091264914,14.900551362139367,17.933878909609703,2.127970553553887,0.0
ood,peak_frequency_khz,27.0,40.5,67.5,13.924971967320346,0.0
ood,tail_energy_fraction,0.01175414677709341,0.04316909238696098,0.23712847232818612,0.10273923903340497,0.0
raw,crest,3.998089575767517,5.175312042236328,6.0661910533905035,0.8017360875858014,0.6744327571345311
raw,half_peak_span_samples,5.0,8.0,18.0,7.53836893318704,4.816013071895425
raw,centroid_khz,67.93962131693877,92.21888503615078,109.25000500500272,15.641969774138968,39.31874396244267
raw,bandwidth_khz,23.38413529320925,29.229718246339594,37.2873377721367,5.673408818096441,14.679772547563628
raw,peak_frequency_khz,49.5,103.5,117.0,26.46698131634962,47.52294117647058
raw,tail_energy_fraction,0.018003670126199724,0.06906326860189438,0.21091042757034303,0.09522003514949785,0.018092127620696025
joint,crest,4.570132875442505,5.492466926574707,6.121374797821045,0.61198582466282,0.9929587326797783
joint,half_peak_span_samples,5.0,7.0,14.0,5.97595139385591,6.50156862745098
joint,centroid_khz,65.86243715873469,90.45773294189384,107.34603885132245,15.818306867424187,37.15988606413633
joint,bandwidth_khz,22.30864046549605,28.453110194594203,37.54945965837447,5.834038353300698,14.109655620063158
joint,peak_frequency_khz,45.0,99.0,117.0,26.862520358298475,43.35294117647059
joint,tail_energy_fraction,0.012153129000216723,0.06876184046268463,0.243105211853981,0.09956790759620637,0.01787785246860984
sorted,crest,4.648386859893799,5.578855991363525,6.618128871917724,0.7781390300654654,1.2015149985107723
sorted,half_peak_span_samples,4.0,6.0,11.0,4.847884991301762,7.773790849673205
sorted,centroid_khz,66.65982172039286,90.4477606724263,107.73184768882129,15.277047620549897,37.36510585132596
sorted,bandwidth_khz,23.94711074595939,29.401258716860394,37.22511663149565,5.450801572474507,15.013393542829204
sorted,peak_frequency_khz,45.0,99.0,117.0,27.29046353582145,43.5129411764706
sorted,tail_energy_fraction,0.01671909149736166,0.06150882504880428,0.18632485121488573,0.0791313133000379,0.019881238418911266
