file,raw_mean_probability,raw_detected_seed_fraction,joint_mean_probability,joint_detected_seed_fraction,sorted_mean_probability,sorted_detected_seed_fraction,raw_detect_joint_miss_majority,crest,half_peak_span_samples,centroid_khz,bandwidth_khz,peak_frequency_khz,tail_energy_fraction,nn_l2_to_real_train,nn_l2_to_raw,nn_l2_to_joint,nn_l2_to_sorted
D:\Project_Github\雷洲湾标注\data\初筛_576kHz\train1_click_0001_peaknorm.wav,0.6879502137502035,1.0,0.510218600432078,0.6666666666666666,0.5646984577178955,1.0,False,4.708347320556641,11.0,57.89833251249989,14.890487004407522,54.0,0.005934919696301222,1.0865287092167728,1.1711494105170537,1.1184303126860455,1.3377288570579287
D:\Project_Github\雷洲湾标注\data\初筛_576kHz\train1_click_0002_peaknorm.wav,0.6951662500699362,1.0,0.5323360164960226,0.6666666666666666,0.5825945436954498,0.6666666666666666,False,4.789693355560303,12.0,56.4403858123037,13.655572557261888,54.0,0.01752944476902485,0.9793393076838389,0.9675670522024211,1.1929272201065935,1.2003265639028982
D:\Project_Github\雷洲湾标注\data\初筛_576kHz\train1_click_0003_peaknorm.wav,0.980284849802653,1.0,0.9647327860196432,1.0,0.9655360778172811,1.0,False,5.111546993255615,7.0,51.62327865531602,18.00346068646321,40.5,0.05446838214993477,0.9069996946439631,1.0976079586972336,0.907897012981778,0.9086557117694659
D:\Project_Github\雷洲湾标注\data\初筛_576kHz\train1_click_0004_peaknorm.wav,0.29830557604630786,0.0,0.18948368728160858,0.0,0.15740558753410974,0.0,False,4.679222106933594,8.0,51.373823241277975,16.462582462449923,45.0,0.06518881767988205,1.4150330522844072,1.372530360290814,1.3959191932539694,1.2445752294899217
D:\Project_Github\雷洲湾标注\data\初筛_576kHz\train1_click_0005_peaknorm.wav,0.8801902731259664,1.0,0.6622115075588226,0.6666666666666666,0.8296194076538086,1.0,False,4.388315200805664,14.0,69.38987935041035,11.916004138803567,72.0,0.023233242332935333,1.5780413613487398,1.38827291865951,1.6944557677734038,1.5303178450741337
D:\Project_Github\雷洲湾标注\data\初筛_576kHz\train1_click_0006_peaknorm.wav,0.7190792163213094,1.0,0.6409411032994589,1.0,0.714926520983378,1.0,False,5.2667236328125,11.0,62.21345570006585,14.72916474882641,63.0,0.006400474812835455,1.1528457361540239,0.9969350493693508,1.1484513152197389,1.0213602183129895
D:\Project_Github\雷洲湾标注\data\初筛_576kHz\train1_click_0007_peaknorm.wav,0.6545594135920206,1.0,0.44624167680740356,0.6666666666666666,0.38641589879989624,0.0,False,4.53464937210083,8.0,55.91235750983472,15.351820444432484,49.5,0.006620735861361027,1.2979385499890044,1.420385107968382,1.1178827536438027,1.2461112815835482
D:\Project_Github\雷洲湾标注\data\初筛_576kHz\train1_click_0008_peaknorm.wav,0.8279219269752502,1.0,0.6644040743509928,0.6666666666666666,0.8003592292467753,1.0,False,4.849612712860107,10.0,68.29525516083817,13.083785578440708,63.0,0.02933182567358017,1.5125754574749295,1.2727213419122,1.542380659726594,1.2029996762869355
D:\Project_Github\雷洲湾标注\data\初筛_576kHz\train1_click_0009_peaknorm.wav,0.6216751535733541,1.0,0.40685079495112103,0.0,0.3808028002580007,0.0,True,4.532625198364258,12.0,53.92661997963441,14.420645656149116,45.0,0.009427089244127274,1.1277217026300919,1.3268965766894396,0.9751445654861711,1.3391492287407083
D:\Project_Github\雷洲湾标注\data\初筛_576kHz\train1_click_0010_peaknorm.wav,0.20914002507925034,0.0,0.2215652937690417,0.0,0.43465832869211835,0.3333333333333333,False,4.506968975067139,17.0,64.49522100885815,18.86434068626175,76.5,0.09234113991260529,1.5715835962897287,1.4164085537961177,1.44468751168863,1.2920485054103585
D:\Project_Github\雷洲湾标注\data\初筛_576kHz\train1_click_0011_peaknorm.wav,0.453077365954717,0.3333333333333333,0.4126894474029541,0.3333333333333333,0.8024391929308573,1.0,False,4.681067943572998,7.0,63.569712258944946,18.18709050786494,72.0,0.0661657527089119,1.4420690553451359,1.3797130735542928,1.2967608860823963,1.1249978674605376
D:\Project_Github\雷洲湾标注\data\初筛_576kHz\train1_click_0012_peaknorm.wav,0.5966330369313558,1.0,0.4351043105125427,0.3333333333333333,0.4651582141717275,0.3333333333333333,True,4.859372138977051,13.0,49.756113688505536,12.587816069040022,45.0,0.024369850754737854,0.9558845749371314,1.0262231474244843,1.065830241847138,1.2938985072650433
D:\Project_Github\雷洲湾标注\data\初筛_576kHz\train1_click_0013_peaknorm.wav,0.6947127978006998,1.0,0.465718075633049,0.6666666666666666,0.39713776111602783,0.0,False,4.657020568847656,7.0,61.89639156497378,17.941671562956678,63.0,0.0370982326567173,1.430155962193612,1.29309480034561,1.4450287175688037,1.3336884929298454
D:\Project_Github\雷洲湾标注\data\初筛_576kHz\train1_click_0014_peaknorm.wav,0.5877863665421804,0.6666666666666666,0.4195782740910848,0.0,0.42157770196596783,0.3333333333333333,True,5.026782035827637,12.0,50.84923830010042,13.418678460453757,45.0,0.012374314479529858,1.2182436466517017,1.0487621681629602,1.1780481137720409,1.0295222655162062
D:\Project_Github\雷洲湾标注\data\初筛_576kHz\train1_click_0015_peaknorm.wav,0.5825378696123759,0.6666666666666666,0.25035139669974643,0.0,0.5052191565434138,0.6666666666666666,True,4.622694492340088,9.0,52.01284123483765,16.943031015713228,40.5,0.03329886123538017,1.4788896725695972,1.3521112750609066,1.3492620709398977,1.3784385935383334
D:\Project_Github\雷洲湾标注\data\初筛_576kHz\train1_click_0016_peaknorm.wav,0.5273913244406382,0.3333333333333333,0.3454427818457286,0.0,0.3066996932029724,0.0,False,4.952864170074463,11.0,52.22812048641032,15.180527827956416,40.5,0.03511913865804672,1.5009988872809934,1.1597148791155385,1.3231154602368507,1.0119230583031824
D:\Project_Github\雷洲湾标注\data\初筛_576kHz\train1_click_0017_peaknorm.wav,0.40897510945796967,0.3333333333333333,0.31421440839767456,0.0,0.7906414469083151,1.0,False,4.575803756713867,8.0,54.55265004416202,17.368304648788342,40.5,0.04316909238696098,1.4869534220181853,1.5725942588701038,1.4348546051775373,1.2198354408433705
D:\Project_Github\雷洲湾标注\data\初筛_576kHz\train1_click_0018_peaknorm.wav,0.46090665459632874,0.3333333333333333,0.4508138398329417,0.0,0.3761565287907918,0.0,False,5.1890764236450195,7.0,57.632358436764946,18.042342796944762,40.5,0.04327486455440521,1.3239691983618636,1.2071709081233097,1.3028130535914004,1.1136347618176112
D:\Project_Github\雷洲湾标注\data\初筛_576kHz\train1_click_0019_peaknorm.wav,0.5534709195295969,0.6666666666666666,0.4597866137822469,0.3333333333333333,0.4232720136642456,0.0,True,5.013979911804199,7.0,55.16575569712268,17.577360343665916,40.5,0.022566169500350952,1.2530807019062282,1.2722520955057233,1.2157811344640916,1.2826291808314854
D:\Project_Github\雷洲湾标注\data\初筛_576kHz\train1_click_0020_peaknorm.wav,0.5051188667615255,0.3333333333333333,0.4688398540019989,0.3333333333333333,0.2838543156782786,0.0,False,5.04898738861084,9.0,52.044213752573214,15.215143935818691,40.5,0.04137859120965004,1.1195540288159327,1.1920297641640534,1.216592645769716,1.2767661428868324
D:\Project_Github\雷洲湾标注\data\初筛_576kHz\train1_click_0021_peaknorm.wav,0.5407744745413462,0.6666666666666666,0.5069902837276459,0.6666666666666666,0.44432278474171955,0.3333333333333333,False,5.243419170379639,7.0,56.59183851956391,17.345422379493577,40.5,0.015610451810061932,1.1882466758420025,1.1331572367247,1.2093708024870524,1.0638433236302183
D:\Project_Github\雷洲湾标注\data\初筛_576kHz\train1_click_0022_peaknorm.wav,0.576972246170044,1.0,0.4702520966529846,0.6666666666666666,0.8995361924171448,1.0,False,4.398177623748779,9.0,51.04956817538715,14.305403137037922,40.5,0.024914776906371117,1.3808451570498121,1.6007007114395666,1.461811339276595,1.2875948716769305
D:\Project_Github\雷洲湾标注\data\初筛_576kHz\train1_click_0023_peaknorm.wav,0.769772489865621,1.0,0.41312919557094574,0.6666666666666666,0.7081962525844574,0.6666666666666666,False,4.646158695220947,9.0,53.67078870087016,15.635114652492017,40.5,0.018176661804318428,1.4163848356798197,1.3165348021503547,1.3010331062644591,1.3610400505645737
D:\Project_Github\雷洲湾标注\data\初筛_576kHz\train1_click_0024_peaknorm.wav,0.48644207914670307,0.3333333333333333,0.6024511655171713,0.6666666666666666,0.9412072499593099,1.0,False,4.7937421798706055,7.0,61.24301664918656,16.76709169409008,63.0,0.010176059789955616,1.4123608273734447,1.2919959616695225,1.2362677056582227,0.9901110100398953
D:\Project_Github\雷洲湾标注\data\初筛_576kHz\train1_click_0025_peaknorm.wav,0.5082633197307587,0.6666666666666666,0.4235472083091736,0.3333333333333333,0.8350254893302917,1.0,True,4.719566822052002,8.0,56.675716398273075,16.722814753791738,63.0,0.018095267936587334,1.3865412579092673,1.4416651987919764,1.334922315591895,1.0931000427345425
D:\Project_Github\雷洲湾标注\data\初筛_576kHz\train1_click_0026_peaknorm.wav,0.6825313568115234,1.0,0.556795338789622,0.3333333333333333,0.6113832890987396,0.6666666666666666,True,5.265350818634033,10.0,62.246179278681105,14.899579352114255,58.5,0.004024390131235123,1.256088206744119,1.0903547434791718,1.2728400050787791,0.8314459139319073
D:\Project_Github\雷洲湾标注\data\初筛_576kHz\train1_click_0027_peaknorm.wav,0.45282262563705444,0.3333333333333333,0.34150398274262744,0.3333333333333333,0.7511157592137655,1.0,False,4.6883931159973145,8.0,53.39643164924618,17.233688164240608,40.5,0.02385113202035427,1.4144341075865623,1.525841840998481,1.385484663553644,1.1764512656699557
D:\Project_Github\雷洲湾标注\data\初筛_576kHz\train1_click_0028_peaknorm.wav,0.6447466810544332,1.0,0.4439697265625,0.3333333333333333,0.4726327657699585,0.3333333333333333,True,5.156519412994385,11.0,56.944948006252446,15.05427745073511,49.5,0.00584013294428587,1.3143667902290657,0.9701529336479942,1.2619429886254037,0.7917441753195834
D:\Project_Github\雷洲湾标注\data\初筛_576kHz\train1_click_0029_peaknorm.wav,0.32866742213567096,0.0,0.05573466420173645,0.0,0.15092416107654572,0.0,False,4.210755348205566,9.0,45.655896258743724,13.740653013887176,40.5,0.0330946110188961,1.7070268493713288,1.4087980153230129,1.742962569646409,1.5328890324728548
D:\Project_Github\雷洲湾标注\data\初筛_576kHz\train1_click_0030_peaknorm.wav,0.5808003743489584,0.6666666666666666,0.43687955538431805,0.0,0.3686445852120717,0.0,True,5.120755672454834,11.0,51.65847477731731,14.578830400511317,40.5,0.011856920085847378,1.2097660614983028,0.9892806358540006,1.1208350414915227,0.9537589929449569
D:\Project_Github\雷洲湾标注\data\初筛_576kHz\train1_click_0031_peaknorm.wav,0.6285120646158854,1.0,0.362991323073705,0.0,0.2844288448492686,0.0,True,4.879716396331787,7.0,60.79018114042708,17.685773723546014,72.0,0.01064924243837595,1.3445437403920457,1.274579866508399,1.3656448544660031,1.084380484499032
D:\Project_Github\雷洲湾标注\data\初筛_576kHz\train1_click_0032_peaknorm.wav,0.5987627108891805,1.0,0.5066777865091959,0.6666666666666666,0.4973024328549703,0.6666666666666666,False,4.9628825187683105,7.0,55.51039622274493,17.304046775368285,49.5,0.005780949257314205,1.2382633840537525,1.2945286508400715,1.1490841983179927,1.2923678397565828
D:\Project_Github\雷洲湾标注\data\初筛_576kHz\train1_click_0033_peaknorm.wav,0.5285044113794962,0.6666666666666666,0.4677739441394806,0.3333333333333333,0.3990938166777293,0.0,True,5.408182144165039,7.0,59.33415606764623,17.530175147529548,72.0,0.010412895120680332,1.3259338267514589,1.1159343061732914,1.2187184948051084,0.8588205284834922
D:\Project_Github\雷洲湾标注\data\初筛_576kHz\train1_click_0034_peaknorm.wav,0.5516112645467123,0.6666666666666666,0.3833950956662496,0.0,0.277216171224912,0.0,True,4.571288108825684,9.0,50.81553303126623,17.31957225219799,40.5,0.014802605845034122,1.4986104279799348,1.3965496631227186,1.2874908065569315,1.4787443819189556
D:\Project_Github\雷洲湾标注\data\初筛_576kHz\train1_click_0035_peaknorm.wav,0.5819392800331116,1.0,0.5061616003513336,0.3333333333333333,0.37983790040016174,0.0,True,5.167725086212158,11.0,57.1430005555916,15.58695219758636,63.0,0.023424044251441956,0.9952407772029986,0.9974401521253196,1.072074381240509,1.0204010889425383
D:\Project_Github\雷洲湾标注\data\初筛_576kHz\train1_click_0036_peaknorm.wav,0.5598281423250834,1.0,0.3721308211485545,0.3333333333333333,0.24060696363449097,0.0,True,4.687890529632568,8.0,53.29908630674629,19.07675252149411,40.5,0.012820408679544926,1.5972682704152403,1.58216126061684,1.4176805559098,1.5049635654184503
D:\Project_Github\雷洲湾标注\data\初筛_576kHz\train1_click_0037_peaknorm.wav,0.6317996978759766,1.0,0.5322448114554087,0.6666666666666666,0.38692832986513775,0.0,False,5.199256420135498,11.0,60.542695616750116,15.871203521226343,67.5,0.028918422758579254,1.1231857942407735,1.0442921568663845,1.1469056167946674,1.0431037486649095
D:\Project_Github\雷洲湾标注\data\初筛_576kHz\train1_click_0038_peaknorm.wav,0.8240657250086466,1.0,0.6704524159431458,1.0,0.6568063100179037,1.0,False,4.840755939483643,11.0,57.043434634057576,14.349947368275194,58.5,0.01971553824841976,1.1648636600916629,0.8929409359147509,1.172909663379158,1.0891161196266677
D:\Project_Github\雷洲湾标注\data\初筛_576kHz\train1_click_0039_peaknorm.wav,0.4181530872980754,0.0,0.33222431937853497,0.0,0.12822991609573364,0.0,False,4.996739864349365,7.0,58.55591200005959,18.728028610578203,72.0,0.05360064655542374,1.4901727232994206,1.1887749976068152,1.3422327858768175,1.3029224242927608
D:\Project_Github\雷洲湾标注\data\初筛_576kHz\train1_click_0040_peaknorm.wav,0.39715514580408734,0.0,0.322936549782753,0.0,0.10255619262655576,0.0,False,4.6475934982299805,17.0,54.51081843904714,19.754158736541466,40.5,0.06995844841003418,1.6809639746407756,1.3855848316846955,1.5798630262588067,1.594307801528146
D:\Project_Github\雷洲湾标注\data\初筛_576kHz\train1_click_0041_peaknorm.wav,0.794037918249766,1.0,0.42223111788431805,0.0,0.5046170751253763,0.6666666666666666,True,4.537468910217285,13.0,49.31901840624323,12.660212672094367,54.0,0.0185562577098608,1.216546143434028,0.9997796815743917,1.1816540554742665,1.1401848352421096
D:\Project_Github\雷洲湾标注\data\初筛_576kHz\train1_click_0042_peaknorm.wav,0.7797672351201376,1.0,0.49821608265240985,0.6666666666666666,0.5270794232686361,0.3333333333333333,False,4.657237529754639,13.0,51.09992274958222,13.67533621720369,49.5,0.01829994097352028,1.2227993682998717,0.8804002694597748,1.1955149684045598,1.104692681653806
D:\Project_Github\雷洲湾标注\data\初筛_576kHz\train1_click_0043_peaknorm.wav,0.37983675797780353,0.0,0.34738244116306305,0.3333333333333333,0.10406736905376117,0.0,False,4.6540727615356445,18.0,48.832589002554926,17.998592915494033,40.5,0.07303151488304138,1.76684287352646,1.454187161488889,1.5439906601713858,1.6451820796747445
D:\Project_Github\雷洲湾标注\data\初筛_576kHz\train1_click_0044_peaknorm.wav,0.6893633604049683,1.0,0.5021244784196218,0.3333333333333333,0.3946329653263092,0.0,True,5.000096321105957,11.0,56.84850805968608,16.04570055335418,63.0,0.0246297437697649,1.236399499624007,1.06224772291739,1.189351517415608,1.112791058638868
D:\Project_Github\雷洲湾标注\data\初筛_576kHz\train1_click_0045_peaknorm.wav,0.8226363261540731,1.0,0.6243523557980856,1.0,0.6503105163574219,1.0,False,4.800472736358643,8.0,50.89518791474745,14.172421378019102,49.5,0.026440732181072235,1.0557496524309415,0.8936036168882583,1.0248625255862758,0.9772174733421898
D:\Project_Github\雷洲湾标注\data\初筛_576kHz\train1_click_0046_peaknorm.wav,0.5738398134708405,0.6666666666666666,0.42732544740041095,0.0,0.2815696398417155,0.0,True,5.041975975036621,11.0,56.2796089247405,16.48814286733144,63.0,0.03644794598221779,1.2816828332404573,1.1688525529331009,1.2254861518505809,1.1391534728581474
D:\Project_Github\雷洲湾标注\data\初筛_576kHz\train1_click_0047_peaknorm.wav,0.8267452518145243,1.0,0.6681127349535624,1.0,0.7088785171508789,1.0,False,4.996774196624756,8.0,54.27978343799907,15.368365867033216,54.0,0.035238564014434814,1.0232138337661132,0.8973079258278461,0.9932185085375426,0.9521621256622016
D:\Project_Github\雷洲湾标注\data\初筛_576kHz\train1_click_0048_peaknorm.wav,0.6932109743356705,0.6666666666666666,0.7160492291053137,0.6666666666666666,0.6670175759742657,0.6666666666666666,False,3.4948408603668213,18.0,41.28724206700582,10.99346556916132,40.5,0.04237475246191025,1.6803571951048037,1.5575496747448645,1.921075891174801,1.563252647843931
D:\Project_Github\雷洲湾标注\data\初筛_576kHz\train1_click_0049_peaknorm.wav,0.8570618232091268,1.0,0.6170359055201212,1.0,0.7126885652542114,1.0,False,4.832476615905762,8.0,50.961533599576455,14.801591856099428,54.0,0.02267419919371605,1.0429109065301405,0.8728137220370757,0.9714815621982923,0.8925465912705512
D:\Project_Github\雷洲湾标注\data\初筛_576kHz\train1_click_0050_peaknorm.wav,0.38943348328272503,0.0,0.3276144862174988,0.0,0.11690226197242737,0.0,False,4.5840911865234375,9.0,47.162172314809766,17.034808560128702,40.5,0.06772050261497498,1.7869777637204045,1.5080471579464108,1.5554762982100654,1.6824367624830174
D:\Project_Github\雷洲湾标注\data\初筛_576kHz\train1_click_0051_peaknorm.wav,0.8125634590784708,1.0,0.5489714741706848,1.0,0.6061494747797648,1.0,False,4.779914379119873,8.0,49.941653662235694,14.637892484681444,54.0,0.028764666989445686,1.110913859379833,0.9170933503125125,1.0347569878557092,0.9548532672186039
D:\Project_Github\雷洲湾标注\data\初筛_576kHz\train1_click_0052_peaknorm.wav,0.40508753061294556,0.3333333333333333,0.0775150495270888,0.0,0.06530023490389188,0.0,False,3.648829936981201,17.0,43.9312928031714,12.156369628870621,36.0,0.042251039296388626,2.0464645514963955,1.6400907520783714,1.713097181648492,2.2445654519869978
D:\Project_Github\雷洲湾标注\data\初筛_576kHz\train1_click_0053_peaknorm.wav,0.45222631096839905,0.3333333333333333,0.3676651418209076,0.0,0.2309404487411181,0.0,False,4.604563236236572,9.0,45.68925376762809,14.857866069087057,40.5,0.04924808442592621,1.6700215811271564,1.5828581153635892,1.54751574306016,1.5133013721825406
D:\Project_Github\雷洲湾标注\data\初筛_576kHz\train1_click_0054_peaknorm.wav,0.6272543470064799,1.0,0.3053708076477051,0.0,0.25156787037849426,0.0,True,4.7688984870910645,12.0,50.07032179914208,15.25960242152378,54.0,0.06033458933234215,1.2458479557011162,1.0251510573514904,1.1759557111127568,1.1710068490133125
D:\Project_Github\雷洲湾标注\data\初筛_576kHz\train1_click_0055_peaknorm.wav,0.5951057175795237,0.6666666666666666,0.29019330938657123,0.0,0.2173565924167633,0.0,True,4.793532848358154,12.0,50.7929555280615,15.815445128568472,40.5,0.0608820877969265,1.281578307399284,1.0509065342614594,1.1801229093704777,1.2091058855176549
D:\Project_Github\雷洲湾标注\data\初筛_576kHz\train1_click_0056_peaknorm.wav,0.4134177466233571,0.0,0.33800673484802246,0.0,0.1564499487479528,0.0,False,5.148542404174805,7.0,52.401541182813496,16.970921423859167,40.5,0.05042863264679909,1.179126272054503,1.1539595413583827,1.1818102019080123,1.2386854849833033
D:\Project_Github\雷洲湾标注\data\初筛_576kHz\train1_click_0057_peaknorm.wav,0.4291312297185262,0.3333333333333333,0.41871751348177594,0.0,0.19171343743801117,0.0,False,5.113625526428223,7.0,52.34074545336141,16.977057489436977,40.5,0.05204019695520401,1.2006829900734886,1.2044729152356701,1.2284167432170876,1.2772459369054907
D:\Project_Github\雷洲湾标注\data\初筛_576kHz\train1_click_0058_peaknorm.wav,0.4128798047701518,0.0,0.36371808250745136,0.0,0.15993857880433401,0.0,False,5.011814117431641,8.0,51.963048574015986,17.260338149372473,40.5,0.04741964116692543,1.2316806445875828,1.2060225577324684,1.2501494308605492,1.403778898939057
D:\Project_Github\雷洲湾标注\data\初筛_576kHz\train1_click_0059_peaknorm.wav,0.3993729551633199,0.0,0.312963326772054,0.0,0.14332247028748193,0.0,False,5.101993560791016,8.0,53.04788614123116,17.66328124135744,45.0,0.053309645503759384,1.2083040603905728,1.190824368707727,1.2639065563726708,1.3270448206571819
D:\Project_Github\雷洲湾标注\data\初筛_576kHz\train1_click_0060_peaknorm.wav,0.6075862844785055,1.0,0.4153589606285095,0.3333333333333333,0.4044403334458669,0.3333333333333333,True,4.18699312210083,13.0,49.88970133615118,15.662976192180313,54.0,0.13263846933841705,1.4298456805923827,1.4999592232924868,1.4809385206254893,1.6467998544182214
D:\Project_Github\雷洲湾标注\data\初筛_576kHz\train1_click_0061_peaknorm.wav,0.4342506130536397,0.0,0.23787272969881693,0.0,0.13387341052293777,0.0,False,4.9421820640563965,12.0,52.716473012397216,17.104233822078008,45.0,0.08557567000389099,1.3052090606606908,1.2476428643431778,1.2671677967010477,1.249494769086124
D:\Project_Github\雷洲湾标注\data\初筛_576kHz\train1_click_0062_peaknorm.wav,0.5205505092938741,0.6666666666666666,0.35185784101486206,0.0,0.23382813731829324,0.0,True,4.95102071762085,12.0,53.76265307441388,17.30109714310874,45.0,0.08472415804862976,1.316312054666267,1.2355133709486923,1.2707736689230844,1.2395141815930486
D:\Project_Github\雷洲湾标注\data\初筛_576kHz\train1_click_0063_peaknorm.wav,0.6031111776828766,0.6666666666666666,0.34713252385457355,0.0,0.3310825725396474,0.3333333333333333,True,4.301726818084717,13.0,51.67694502917587,17.017763885001997,63.0,0.09127096831798553,1.379633784859432,1.421407902705531,1.4671503730962,1.5309102432618402
D:\Project_Github\雷洲湾标注\data\初筛_576kHz\train1_click_0064_peaknorm.wav,0.40442230304082233,0.0,0.25924494365851086,0.0,0.1869538426399231,0.0,False,4.656088829040527,9.0,46.0689937418191,12.902282785823243,45.0,0.03270931541919708,1.2321186418944514,1.367197942695357,1.1670610675323114,1.4979054653347619
D:\Project_Github\雷洲湾标注\data\初筛_576kHz\train1_click_0065_peaknorm.wav,0.5341815153757731,1.0,0.33208727836608887,0.0,0.25333645443121594,0.0,True,4.387150764465332,12.0,51.295794425851,17.24591216262173,36.0,0.08753135800361633,1.5194062651567732,1.4198447282050197,1.460952917908806,1.636770028998637
D:\Project_Github\雷洲湾标注\data\初筛_576kHz\train1_click_0066_peaknorm.wav,0.4841025769710541,0.3333333333333333,0.43959738810857135,0.3333333333333333,0.3544425964355469,0.0,False,4.955475807189941,8.0,48.1568604605798,14.818362724623395,45.0,0.026070421561598778,1.3221061919787258,1.3155779792439632,1.306575151080501,1.246522117605568
D:\Project_Github\雷洲湾标注\data\初筛_576kHz\train1_click_0067_peaknorm.wav,0.5437423785527548,0.6666666666666666,0.5219640632470449,0.6666666666666666,0.35009079178174335,0.0,False,4.767577171325684,9.0,49.45265235243141,16.05811313358684,36.0,0.048251766711473465,1.4515150995571726,1.4063552542653357,1.3770984961178818,1.5038613212154956
D:\Project_Github\雷洲湾标注\data\初筛_576kHz\train1_click_0068_peaknorm.wav,0.5651534795761108,1.0,0.2214775631825129,0.0,0.18728632231553397,0.0,True,4.118529796600342,14.0,51.5104253605823,15.551573857607796,58.5,0.033350151032209396,1.510407030559146,1.6532116203194056,1.1231521003142357,1.5211827801686084
D:\Project_Github\雷洲湾标注\data\初筛_576kHz\train1_click_0069_peaknorm.wav,0.4496237436930339,0.3333333333333333,0.19367503623167673,0.0,0.07237153872847557,0.0,False,4.095114707946777,9.0,49.546576595191254,16.517156460763665,36.0,0.10181120783090591,1.9497394639239853,1.81487999526774,1.8754365506019073,1.5947143686844778
D:\Project_Github\雷洲湾标注\data\初筛_576kHz\train1_click_0070_peaknorm.wav,0.015504167648032308,0.0,0.027962846060593922,0.0,0.06641863224407037,0.0,False,4.3040595054626465,10.0,47.830612028645646,16.86843464362205,36.0,0.13490046560764313,1.37300155895156,1.8226566235091533,1.6417527480653165,1.51719909708867
D:\Project_Github\雷洲湾标注\data\初筛_576kHz\train1_click_0071_peaknorm.wav,0.04364362731575966,0.0,0.026205677228669327,0.0,0.04648675676435232,0.0,False,4.127903461456299,9.0,45.71764565294092,14.900551362139367,40.5,0.13193762302398682,1.5518846838439437,1.720311035085303,1.7376088115884238,1.5945789002524815
D:\Project_Github\雷洲湾标注\data\初筛_576kHz\train1_click_0072_peaknorm.wav,0.536135603984197,0.6666666666666666,0.4808155099550883,0.3333333333333333,0.4983863830566406,0.6666666666666666,True,5.01330041885376,12.0,52.76795688377861,13.73304549495191,58.5,0.02231266349554062,1.0457697410443034,1.01261811920215,1.1492279502697864,1.1085811754436463
D:\Project_Github\雷洲湾标注\data\初筛_576kHz\train1_click_0073_peaknorm.wav,0.59404190381368,1.0,0.5113770167032877,0.3333333333333333,0.5250929792722067,0.3333333333333333,True,4.756290435791016,13.0,50.846879724925316,13.181970515637062,54.0,0.021136892959475517,1.033650556170844,1.1139943629791382,1.0960380472147313,1.3081293047217526
D:\Project_Github\雷洲湾标注\data\初筛_576kHz\train1_click_0074_peaknorm.wav,0.4579065541426341,0.3333333333333333,0.3781660695870717,0.0,0.2852250287930171,0.0,False,4.5287017822265625,13.0,48.18902784630251,12.322059109168825,49.5,0.03561927005648613,1.2193290375142556,1.3398611372622002,1.1577772982652375,1.5007137474210839
D:\Project_Github\雷洲湾标注\data\初筛_576kHz\train1_click_0075_peaknorm.wav,0.6265000899632772,1.0,0.4893861512343089,0.6666666666666666,0.48606035113334656,0.3333333333333333,False,4.593822956085205,13.0,50.46921043518768,12.675017818472044,58.5,0.03040352649986744,1.3322229737309477,1.354521167100346,1.393259184535217,1.3647094214674664
D:\Project_Github\雷洲湾标注\data\初筛_576kHz\train1_click_0076_peaknorm.wav,0.020981836520756286,0.0,0.012669736441845695,0.0,0.005495487712323666,0.0,False,4.424127578735352,9.0,44.560678492948796,15.058849263892329,36.0,0.1319851279258728,1.6525684101101783,1.6049195836401178,1.4875287945335094,1.762598976082539
D:\Project_Github\雷洲湾标注\data\初筛_576kHz\train1_click_0077_peaknorm.wav,0.30088549355665845,0.0,0.18654122203588486,0.0,0.12792420635620752,0.0,False,3.837597370147705,15.0,45.29256422994922,13.998521236167063,49.5,0.07271955162286758,1.6925997008371954,1.698749492052849,1.3935258681348726,1.9640750799918527
D:\Project_Github\雷洲湾标注\data\初筛_576kHz\train1_click_0078_peaknorm.wav,0.5685746868451437,0.6666666666666666,0.2772604425748189,0.0,0.23061971614758173,0.0,True,4.2351975440979,15.0,41.759264998053595,14.016958645840585,36.0,0.07137874513864517,1.4962473044648388,1.4997435482828185,1.488036720389142,1.5823494913001974
D:\Project_Github\雷洲湾标注\data\初筛_576kHz\train1_click_0079_peaknorm.wav,0.28426800419886905,0.0,0.09023961176474889,0.0,0.072785592948397,0.0,False,4.782360076904297,8.0,44.24277323424237,14.915281886791721,36.0,0.05396505445241928,1.3813625980850681,1.299061274814385,1.1874672935289388,1.4323222619461295
D:\Project_Github\雷洲湾标注\data\初筛_576kHz\train1_click_0080_peaknorm.wav,0.5008106629053751,0.6666666666666666,0.17553172508875528,0.0,0.15269442399342856,0.0,True,4.198202133178711,15.0,43.60210433129191,16.6855210511616,36.0,0.0948885828256607,1.6393514212931193,1.5502147521870202,1.6266150647613071,1.6591056214566935
D:\Project_Github\雷洲湾标注\data\初筛_576kHz\train1_click_0081_peaknorm.wav,0.3540567060311635,0.0,0.1532552738984426,0.0,0.1319554646809896,0.0,False,3.950406312942505,15.0,45.271273559539885,14.203160210034254,36.0,0.0732346624135971,1.6908010001530753,1.5852325485665835,1.382616098411281,1.9014920096421764
D:\Project_Github\雷洲湾标注\data\初筛_576kHz\train1_click_0082_peaknorm.wav,0.005234238187161584,0.0,0.004331054049544036,0.0,0.0006126321386545897,0.0,False,3.3828554153442383,29.0,43.30949375422915,16.86247086145292,36.0,0.40037551522254944,2.555263556407074,2.805501236554044,2.6366612917387586,2.5033534277450853
D:\Project_Github\雷洲湾标注\data\初筛_576kHz\train1_click_0083_peaknorm.wav,0.1636204868555069,0.0,0.08568154089152813,0.0,0.057638921309262514,0.0,False,3.861905813217163,14.0,45.41239586971635,15.415321228591635,36.0,0.11039520800113678,1.7621714911993054,1.7098199158445693,1.5638364531703717,2.0072188610728254
D:\Project_Github\雷洲湾标注\data\初筛_576kHz\train1_click_0084_peaknorm.wav,0.0040812580070147915,0.0,0.0066964571209003525,0.0,0.004518006540214022,0.0,False,3.7594351768493652,16.0,44.394019024222416,15.569442237847237,36.0,0.10350965708494186,1.454852861451568,1.7458940191440224,2.1290832685087397,1.8883438841050393
D:\Project_Github\雷洲湾标注\data\初筛_576kHz\train1_click_0085_peaknorm.wav,0.3868524730205536,0.0,0.08762680863340695,0.0,0.0458067332704862,0.0,False,3.4565365314483643,17.0,43.59710262610621,14.459618705397158,36.0,0.08905614912509918,2.238606815463846,2.1865020337835785,2.033323857350495,2.3541793491575844
D:\Project_Github\雷洲湾标注\data\初筛_576kHz\train1_click_0086_peaknorm.wav,0.06085132590184609,0.0,0.02909257511297862,0.0,0.018648855310554307,0.0,False,3.5250742435455322,65.0,41.328655412709324,13.306285138031395,36.0,0.2394251674413681,2.541980663642597,2.2747162895208,2.491355279643829,2.562734259029289
D:\Project_Github\雷洲湾标注\data\初筛_576kHz\train1_click_0087_peaknorm.wav,0.14429769044121107,0.0,0.05576855316758156,0.0,0.05890807881951332,0.0,False,3.8673040866851807,20.0,45.743149004380314,14.371597721314767,36.0,0.09443958848714828,1.5540583404967212,1.602382235825379,1.902841647236556,1.6907649295242546
D:\Project_Github\雷洲湾标注\data\初筛_576kHz\train1_click_0088_peaknorm.wav,0.3961508423089981,0.3333333333333333,0.0857540766398112,0.0,0.15950015497704348,0.0,False,4.084290027618408,20.0,44.045811873004865,14.594430728798029,36.0,0.054844487458467484,1.3420977831872325,1.5377848800301588,1.6804967053322375,1.4621314920229718
D:\Project_Github\雷洲湾标注\data\初筛_576kHz\train1_click_0089_peaknorm.wav,0.9749382138252258,1.0,0.8528650800387064,1.0,0.8440416852633158,1.0,False,4.399050235748291,15.0,43.09237672945119,13.4350326011766,36.0,0.034753844141960144,1.2033216821639032,1.1780292109822963,1.2658134568434551,1.0415466975323293
D:\Project_Github\雷洲湾标注\data\初筛_576kHz\train1_click_0090_peaknorm.wav,0.5761740704377493,0.6666666666666666,0.4199746052424113,0.3333333333333333,0.3338063508272171,0.0,True,4.443633556365967,13.0,42.06082915932359,12.83952520104528,36.0,0.14745520055294037,1.4256326865918927,1.4300615712646356,1.4391699777188856,1.344843191191738
D:\Project_Github\雷洲湾标注\data\初筛_576kHz\train1_click_0091_peaknorm.wav,0.04445669885414342,0.0,0.16517136121789613,0.0,0.07095925758282344,0.0,False,4.085394382476807,15.0,39.86070093252715,13.479793621118542,36.0,0.21558158099651337,1.6421459249720654,1.7144934044678122,1.6272288859954414,1.7130110680891746
D:\Project_Github\雷洲湾标注\data\初筛_576kHz\train2_click_0001_peaknorm.wav,0.46285616358121234,0.3333333333333333,0.3426501577099164,0.0,0.15352317690849304,0.0,False,4.475265026092529,10.0,46.69514468566952,14.104298060056994,40.5,0.06227501854300499,1.6014419583419568,1.6449360676666216,1.3905569338778982,1.5703365174605164
D:\Project_Github\雷洲湾标注\data\初筛_576kHz\train2_click_0002_peaknorm.wav,0.48702412843704224,0.3333333333333333,0.18046143154303232,0.0,0.06535115589698155,0.0,False,4.185973644256592,10.0,44.773347605807274,12.39907057811781,40.5,0.017122045159339905,1.674433990942019,1.698762960644323,1.4427236578851732,1.8311467464815174
D:\Project_Github\雷洲湾标注\data\初筛_576kHz\train2_click_0003_peaknorm.wav,0.5863815744717916,1.0,0.460117369890213,0.3333333333333333,0.4050494432449341,0.0,True,4.859853744506836,9.0,50.10337641772372,13.923414164832623,49.5,0.00884141307324171,1.4147846729688052,1.3772821942886655,1.3615060999931068,1.092113706200551
D:\Project_Github\雷洲湾标注\data\初筛_576kHz\train2_click_0004_peaknorm.wav,0.5228090584278107,0.6666666666666666,0.39833763241767883,0.0,0.3720565140247345,0.0,True,5.026331901550293,8.0,49.740298478727084,14.647199701883684,49.5,0.017122553661465645,1.2733173577765509,1.2297869772212418,1.191709493548576,1.0489222068805115
D:\Project_Github\雷洲湾标注\data\初筛_576kHz\train2_click_0005_peaknorm.wav,0.5447386999924978,0.6666666666666666,0.22669115414222082,0.0,0.11360109845797221,0.0,True,3.898710250854492,11.0,44.266463094289975,13.952587750317036,40.5,0.03169706091284752,1.9433637126895014,1.6986781463855514,1.8174959340729129,1.9186209232398341
D:\Project_Github\雷洲湾标注\data\初筛_576kHz\train2_click_0006_peaknorm.wav,0.6268894473711649,1.0,0.4866088628768921,0.3333333333333333,0.4938855568567912,0.3333333333333333,True,4.8513898849487305,9.0,51.228512549413715,13.704902411618185,45.0,0.011989033780992031,1.397079432048531,1.3028930030221393,1.358787123570302,1.0386049889293256
D:\Project_Github\雷洲湾标注\data\初筛_576kHz\train2_click_0007_peaknorm.wav,0.857202390829722,1.0,0.574799656867981,0.6666666666666666,0.6896701653798422,1.0,False,4.3425211906433105,15.0,68.24977638647235,12.443864120100923,67.5,0.01271253265440464,1.633083887932004,1.4672936586048668,1.6110058551713147,1.6189222985623846
D:\Project_Github\雷洲湾标注\data\初筛_576kHz\train2_click_0008_peaknorm.wav,0.8889401157697042,1.0,0.7744771242141724,1.0,0.8923126260439554,1.0,False,4.810667991638184,11.0,65.1505132577082,11.952751674113085,63.0,0.006247277371585369,1.3812107620515175,1.224377864586172,1.3282260686033587,1.23939926713128
D:\Project_Github\雷洲湾标注\data\初筛_576kHz\train2_click_0009_peaknorm.wav,0.7055462002754211,1.0,0.40467580656210583,0.3333333333333333,0.4128868679205577,0.3333333333333333,True,4.007136821746826,13.0,54.43619824401139,13.015008180419658,49.5,0.022412676364183426,1.4035448297615094,1.5819132381091576,1.4286183053716563,1.8661488418917294
D:\Project_Github\雷洲湾标注\data\初筛_576kHz\train2_click_0010_peaknorm.wav,0.9109788537025452,1.0,0.8254849712053934,1.0,0.8896719217300415,1.0,False,4.375059604644775,14.0,68.53311761356622,11.280659627005615,72.0,0.010523888282477856,1.3956160764293626,1.5742984666474442,1.5439687879759985,1.5696850798548945
D:\Project_Github\雷洲湾标注\data\初筛_576kHz\train2_click_0011_peaknorm.wav,0.9542672435442606,1.0,0.908247192700704,1.0,0.9240113695462545,1.0,False,4.294921398162842,14.0,68.50793294380742,11.490814325033151,67.5,0.012251228094100952,1.4456093058646793,1.4326446780153341,1.4759413832542996,1.4846197378622623
D:\Project_Github\雷洲湾标注\data\初筛_576kHz\train2_click_0012_peaknorm.wav,0.5357387264569601,0.6666666666666666,0.44822420676549274,0.3333333333333333,0.41308985153834027,0.3333333333333333,True,4.8683953285217285,11.0,58.98071276384994,17.04145908386705,49.5,0.10289862006902695,1.3027775708910516,1.1695520885783464,1.3306189385785656,1.29742123509755
D:\Project_Github\雷洲湾标注\data\初筛_576kHz\train2_click_0013_peaknorm.wav,0.7068468729654948,1.0,0.5575558841228485,0.6666666666666666,0.648881196975708,1.0,False,4.927877426147461,11.0,62.10429955065092,13.99154186236077,63.0,0.00775162223726511,1.2490662573270266,1.103688423172888,1.2955435261492856,1.2221329080143952
D:\Project_Github\雷洲湾标注\data\初筛_576kHz\train2_click_0014_peaknorm.wav,0.7320924997329712,1.0,0.4978441894054413,0.3333333333333333,0.5162578026453654,0.6666666666666666,True,4.6310319900512695,13.0,51.79748844110395,12.862505825711093,54.0,0.038619041442871094,1.1857308760130505,1.0818077941130126,1.2557798189604212,1.2630855523043318
D:\Project_Github\雷洲湾标注\data\初筛_576kHz\train2_click_0015_peaknorm.wav,0.8764611681302389,1.0,0.7726075450579325,1.0,0.865078330039978,1.0,False,4.860233306884766,11.0,65.92969101226781,12.51788897592088,67.5,0.009987881407141685,1.4055888169190889,1.2066260322501736,1.3403017230911631,1.1965719461494515
D:\Project_Github\雷洲湾标注\data\初筛_576kHz\train2_click_0016_peaknorm.wav,0.9240439534187317,1.0,0.67974454164505,0.6666666666666666,0.8727291027704874,1.0,False,4.166472911834717,14.0,69.15798887217957,11.284133680404604,67.5,0.016243653371930122,1.6172420423705696,1.5369574096959988,1.7397724587101995,1.6841343906827126
D:\Project_Github\雷洲湾标注\data\初筛_576kHz\train2_click_0017_peaknorm.wav,0.7912389039993286,1.0,0.6773668428262075,0.6666666666666666,0.7655398845672607,1.0,False,4.982808589935303,11.0,64.12640948586424,12.78965878484337,63.0,0.01262821163982153,1.3558181829580072,1.189018961510188,1.3449909251594026,1.1832209363805761
D:\Project_Github\雷洲湾标注\data\初筛_576kHz\train2_click_0018_peaknorm.wav,0.8682792782783508,1.0,0.7523434162139893,1.0,0.8546812733014425,1.0,False,4.806454181671143,11.0,64.76595788478203,12.319102057875666,63.0,0.016993558034300804,1.4209579190019266,1.2439115777526701,1.3543986235695151,1.2718386242580313
D:\Project_Github\雷洲湾标注\data\初筛_576kHz\train2_click_0019_peaknorm.wav,0.8458374540011088,1.0,0.5692927340666453,0.6666666666666666,0.6805019676685333,0.6666666666666666,False,4.083230972290039,14.0,69.07282091992737,12.75649371628182,72.0,0.03745005652308464,1.7960809876981614,1.6429520348757023,1.8879083942539538,1.8000304463722894
D:\Project_Github\雷洲湾标注\data\初筛_576kHz\train2_click_0020_peaknorm.wav,0.926086962223053,1.0,0.7872759898503622,1.0,0.9094752470652262,1.0,False,4.420459270477295,14.0,65.52937852928784,12.311225063000752,63.0,0.027391213923692703,1.5409667215056675,1.4411601896897892,1.532887920997983,1.5022460132866868
D:\Project_Github\雷洲湾标注\data\初筛_576kHz\train2_click_0021_peaknorm.wav,0.006009322765748948,0.0,0.0039932780200615525,0.0,0.00045034298091195524,0.0,False,3.419039011001587,68.0,62.54223094991312,19.693277261584555,72.0,0.2552834749221802,2.566382711521059,2.5419381097387475,2.6157408518008163,2.538435868850299
D:\Project_Github\雷洲湾标注\data\初筛_576kHz\train2_click_0022_peaknorm.wav,0.7162991563479105,1.0,0.5121922691663107,0.6666666666666666,0.6045657992362976,1.0,False,4.595505237579346,12.0,57.51352766940818,13.484763773633398,58.5,0.01970275677740574,1.1119498976058577,1.1244780836852966,1.2644673164868951,1.294807498328738
D:\Project_Github\雷洲湾标注\data\初筛_576kHz\train2_click_0023_peaknorm.wav,0.6748600999514262,1.0,0.564829483628273,0.6666666666666666,0.49278045694033307,0.6666666666666666,False,4.1574387550354,17.0,68.38699958297049,12.68905788292656,67.5,0.03338312357664108,1.925221589660884,1.8975197975415976,1.9932241347457058,1.7575273083192287
D:\Project_Github\雷洲湾标注\data\初筛_576kHz\train2_click_0024_peaknorm.wav,0.875217060248057,1.0,0.6805135210355123,1.0,0.7694053451220194,1.0,False,4.689485549926758,12.0,52.68137381453175,12.877624142493362,54.0,0.03201059252023697,1.1143716920124096,0.9832969538933548,1.16432165497838,1.1000217830471548
D:\Project_Github\雷洲湾标注\data\初筛_576kHz\train2_click_0025_peaknorm.wav,0.950162927309672,1.0,0.8496412436167399,1.0,0.9503250519434611,1.0,False,4.411145210266113,14.0,66.80245420186313,11.349637138395625,63.0,0.015294424258172512,1.5291549834007083,1.4379114489315523,1.5394238064883397,1.49908595307888
D:\Project_Github\雷洲湾标注\data\初筛_576kHz\train2_click_0026_peaknorm.wav,0.8983006477355957,1.0,0.7814035216967264,1.0,0.8828852574030558,1.0,False,4.422021865844727,11.0,66.8447243608575,11.859380158431412,58.5,0.023486465215682983,1.4247024730603306,1.5983297961333869,1.5261122597057266,1.4469706170097365
D:\Project_Github\雷洲湾标注\data\初筛_576kHz\train2_click_0027_peaknorm.wav,0.8966543475786845,1.0,0.7146649857362112,0.6666666666666666,0.8711410363515218,1.0,False,4.382275581359863,14.0,67.90484355793834,11.209848760771498,72.0,0.01929623633623123,1.6252984403503619,1.5389394467439244,1.6863600980729971,1.5276320533926289
D:\Project_Github\雷洲湾标注\data\初筛_576kHz\train2_click_0028_peaknorm.wav,0.20966535372038683,0.0,0.02610791102051735,0.0,0.015237176169951757,0.0,False,3.352808952331543,21.0,68.93981291927548,16.70113367894151,67.5,0.09092124551534653,2.2074564571864435,2.6019341087377783,2.652453816659066,2.478760688051648
D:\Project_Github\雷洲湾标注\data\初筛_576kHz\train2_click_0029_peaknorm.wav,0.5366379121939341,0.6666666666666666,0.20136246271431446,0.0,0.10365146398544312,0.0,True,3.6249773502349854,17.0,53.931380806178026,13.578692211308347,49.5,0.13365860283374786,1.9920497297558772,1.8481144154410822,1.6945668343067255,1.939627219434032
D:\Project_Github\雷洲湾标注\data\初筛_576kHz\train2_click_0030_peaknorm.wav,0.39341430614391965,0.3333333333333333,0.3445144458285843,0.3333333333333333,0.1332424013526179,0.0,False,3.590850830078125,58.0,41.411552051005714,15.764737982279692,40.5,0.3189663887023926,2.1096825715536505,1.9781689311118649,1.9603687150150946,1.960583333227107
D:\Project_Github\雷洲湾标注\data\初筛_576kHz\train2_click_0031_peaknorm.wav,0.0006068039122813692,0.0,0.002307736217820396,0.0,0.002586278171899418,0.0,False,3.9491593837738037,57.0,49.17347696068191,16.754221786609097,36.0,0.35578590631484985,2.071393591076744,1.9312708225179835,2.1000839862418026,1.9161737225795903
D:\Project_Github\雷洲湾标注\data\初筛_576kHz\train2_click_0032_peaknorm.wav,0.24091402476187795,0.3333333333333333,0.06841082591563463,0.0,0.08793312803997348,0.0,False,3.1938974857330322,63.0,40.68076560751629,16.466394843377014,27.0,0.3394971489906311,2.570090964830723,2.615514520980873,2.6685598393674974,2.6326248792190396
D:\Project_Github\雷洲湾标注\data\初筛_576kHz\train3_click_0001_peaknorm.wav,0.9139290452003479,1.0,0.9311609069506327,1.0,0.9409581025441488,1.0,False,4.126644611358643,9.0,46.85866946075319,19.252287626312224,27.0,0.17807644605636597,1.5854395412409688,1.3696190383245501,1.4896252695852055,1.3677937154592223
D:\Project_Github\雷洲湾标注\data\初筛_576kHz\train3_click_0002_peaknorm.wav,0.893190840880076,1.0,0.9808701475461324,1.0,0.9239842891693115,1.0,False,3.7797069549560547,33.0,39.75416630069162,17.292586049981313,27.0,0.1608942598104477,2.0031242402540297,1.5665249905373753,1.717753164277409,1.806986837651359
D:\Project_Github\雷洲湾标注\data\初筛_576kHz\train3_click_0003_peaknorm.wav,0.2265773812929789,0.0,0.49250277876853943,0.6666666666666666,0.12091100650529067,0.0,False,3.536032199859619,25.0,37.44476505348088,13.931060854212435,27.0,0.20423685014247894,2.182747793890314,1.8161151390715597,2.0435374510596445,2.1347431380973347
D:\Project_Github\雷洲湾标注\data\初筛_576kHz\train3_click_0004_peaknorm.wav,0.6955590744813284,0.6666666666666666,0.7770775556564331,1.0,0.5438753962516785,0.3333333333333333,False,3.813431739807129,11.0,36.086286577079576,12.258891511406382,27.0,0.11257462203502655,1.8439357743414577,1.596468562603495,1.4261762441839807,1.6915925479505243
D:\Project_Github\雷洲湾标注\data\初筛_576kHz\train3_click_0005_peaknorm.wav,0.7154111464818319,0.6666666666666666,0.8465155164400736,1.0,0.5552817583084106,0.3333333333333333,False,3.922997236251831,11.0,38.72102832135203,13.222116020887896,27.0,0.10746219009160995,1.7359631962529674,1.4719361897683343,1.398783236943188,1.5426958792388483
D:\Project_Github\雷洲湾标注\data\初筛_576kHz\train3_click_0006_peaknorm.wav,0.6092523137728373,0.6666666666666666,0.3363696386416753,0.3333333333333333,0.16663304219643274,0.0,True,3.5800371170043945,22.0,38.5724828633455,14.399984258850482,36.0,0.2385328859090805,1.585840271211041,1.9177237191525727,1.9835004740764002,1.9629686695020527
D:\Project_Github\雷洲湾标注\data\初筛_576kHz\train3_click_0007_peaknorm.wav,0.03778471487263838,0.0,0.7050385077794393,1.0,0.0034311001654714346,0.0,False,3.5686120986938477,30.0,38.9727719272646,13.012914857607111,31.5,0.23881949484348297,2.255419284034849,2.27314246081935,2.1571901114561793,2.060178397742577
D:\Project_Github\雷洲湾标注\data\初筛_576kHz\train3_click_0008_peaknorm.wav,0.41436146199703217,0.3333333333333333,0.8898199995358785,1.0,0.0219672330810378,0.0,False,3.2718069553375244,30.0,36.36364020326438,12.707570867647572,31.5,0.2050420641899109,2.5477467892804952,2.2352381904135608,2.4183215986367284,2.244674905584965
D:\Project_Github\雷洲湾标注\data\初筛_576kHz\train3_click_0009_peaknorm.wav,0.011025152945270142,0.0,0.11690771455566089,0.0,0.005058185003387432,0.0,False,3.1249024868011475,37.0,40.0681599574023,17.59286418081626,31.5,0.32722097635269165,2.488667186866472,2.812631035616076,2.716996072563102,2.7172314868244403
D:\Project_Github\雷洲湾标注\data\初筛_576kHz\train3_click_0010_peaknorm.wav,0.012045163350800673,0.0,0.3759976128737132,0.0,0.005931590140486757,0.0,False,3.5899360179901123,37.0,38.92884388207119,14.683109690884756,27.0,0.29656392335891724,2.3172611706510047,2.310477665414301,2.3091094887076205,2.188049876367971
D:\Project_Github\雷洲湾标注\data\初筛_576kHz\train3_click_0011_peaknorm.wav,0.0046037577946359915,0.0,0.0447606899154683,0.0,0.0012852124685499196,0.0,False,3.0251808166503906,40.0,37.88253723104693,14.389149659473045,27.0,0.41525325179100037,2.9574472279089994,2.773430540555901,2.8642468776354604,2.922703017106983
D:\Project_Github\雷洲湾标注\data\初筛_576kHz\train3_click_0012_peaknorm.wav,0.06213371393581232,0.0,0.399256798128287,0.6666666666666666,0.03805083160599073,0.0,False,4.032709121704102,24.0,39.09617427328308,15.136383901451499,27.0,0.23029738664627075,1.9108053005542356,1.8581026720309524,1.9194570154492903,1.823440153534514
D:\Project_Github\雷洲湾标注\data\初筛_576kHz\train3_click_0013_peaknorm.wav,0.022069846784385543,0.0,0.0028391917197344205,0.0,0.0029022637754678726,0.0,False,3.27177357673645,41.0,42.017100484636046,17.902708296221792,27.0,0.4213714599609375,2.6054864727595075,2.4645952776012274,2.5880309984192422,2.549301492697206
D:\Project_Github\雷洲湾标注\data\初筛_576kHz\train3_click_0014_peaknorm.wav,0.01677412198235591,0.0,0.17393802106380463,0.0,0.008844450737039248,0.0,False,3.8725757598876953,29.0,38.318154696568186,14.840809064056806,27.0,0.2594586908817291,2.115420217859037,2.0715328238313018,2.090679891743737,1.9967383223041675
D:\Project_Github\雷洲湾标注\data\初筛_576kHz\train3_click_0015_peaknorm.wav,0.025629254678885143,0.0,0.3822645346323649,0.3333333333333333,0.014567462727427483,0.0,False,3.921353340148926,23.0,41.07079918901745,16.785445736073118,27.0,0.2879381775856018,2.090535729732099,2.1325360739537813,2.0408380052004227,1.9071222848787874
D:\Project_Github\雷洲湾标注\data\初筛_576kHz\train3_click_0016_peaknorm.wav,0.04147965802500645,0.0,0.0016631336523763214,0.0,0.0011104290606454015,0.0,False,3.118354082107544,40.0,38.31529958738769,15.702899826618697,27.0,0.4488740861415863,2.807482390526198,2.5646280570841795,2.748443402081762,2.8217587122754715
D:\Project_Github\雷洲湾标注\data\初筛_576kHz\train3_click_0017_peaknorm.wav,0.3657054950793584,0.3333333333333333,0.8968098163604736,1.0,0.7542632222175598,1.0,False,4.370416164398193,9.0,47.537989150092756,19.609025755778415,27.0,0.2097439020872116,1.5071642390507691,1.5398822559341934,1.495714645053842,1.4548532474847622
D:\Project_Github\雷洲湾标注\data\初筛_576kHz\train3_click_0018_peaknorm.wav,0.018973080130914848,0.0,0.018833661296715338,0.0,0.0002212027829955332,0.0,False,2.777928352355957,39.0,38.415234415390884,13.326501547996607,27.0,0.5229552388191223,3.2561558787139333,3.2129845402803885,3.0283058556032048,3.143598628322582
D:\Project_Github\雷洲湾标注\data\初筛_576kHz\train3_click_0019_peaknorm.wav,0.4419267525275548,0.3333333333333333,0.7686065236727396,1.0,0.300247127811114,0.3333333333333333,False,4.233120918273926,22.0,42.427351425212166,15.223131548156486,31.5,0.17813821136951447,1.7092681973393316,1.7066028200273125,1.7406888970751568,1.5520578735470902
D:\Project_Github\雷洲湾标注\data\初筛_576kHz\train3_click_0020_peaknorm.wav,0.3898124893506368,0.3333333333333333,0.692123124996821,0.6666666666666666,0.1097615696489811,0.0,False,4.280156135559082,9.0,41.97120009448255,14.52800837568167,27.0,0.17758344113826752,1.6785415274748041,1.620665086687711,1.6742198333167428,1.49827727747047
D:\Project_Github\雷洲湾标注\data\初筛_576kHz\train3_click_0021_peaknorm.wav,0.0806189589202404,0.0,0.7112071017424265,0.6666666666666666,0.008926181588321924,0.0,False,3.8586323261260986,30.0,42.00506449893433,14.245899490753114,31.5,0.23151081800460815,2.0852337885659336,2.031821963847095,2.0095550999677187,1.9031117778118858
D:\Project_Github\雷洲湾标注\data\初筛_576kHz\train3_click_0022_peaknorm.wav,0.9772283236185709,1.0,0.9795716206232706,1.0,0.9775832692782084,1.0,False,4.55787467956543,9.0,46.09554238464807,19.232095848900606,27.0,0.0562879778444767,1.258362561566878,0.8233773506750212,1.0337405590370148,1.0192348958148578
D:\Project_Github\雷洲湾标注\data\初筛_576kHz\train3_click_0023_peaknorm.wav,0.9417118827501932,1.0,0.9623345732688904,1.0,0.9720762769381205,1.0,False,3.896306276321411,10.0,41.07398580887053,15.71761349564927,27.0,0.11172697693109512,1.7847451869451016,1.2405936820218766,1.6827947776231236,1.4658257092310645
D:\Project_Github\雷洲湾标注\data\初筛_576kHz\train3_click_0024_peaknorm.wav,0.5946703950564066,1.0,0.9360501170158386,1.0,0.8823289672533671,1.0,False,4.66064977645874,9.0,44.76362250924322,17.316884782582854,27.0,0.11366558820009232,1.2516594185354604,1.3314336435529306,1.3140768411619759,1.305761323096729
D:\Project_Github\雷洲湾标注\data\初筛_576kHz\train3_click_0025_peaknorm.wav,0.7204166849454244,1.0,0.855650802453359,1.0,0.8019033471743265,1.0,False,4.692076683044434,8.0,48.77256913881884,19.8926723042313,27.0,0.1815725415945053,1.2894312893718116,1.4060269853165708,1.342849755754001,1.4552120966007993
D:\Project_Github\雷洲湾标注\data\初筛_576kHz\train3_click_0026_peaknorm.wav,0.5738637099663416,0.6666666666666666,0.12745734552542368,0.0,0.3933979868888855,0.3333333333333333,True,3.9050540924072266,20.0,40.574057867299885,18.542262180142068,27.0,0.09051179140806198,2.0430197430725645,1.9802714452237375,2.0505191914706002,1.782291218061403
D:\Project_Github\雷洲湾标注\data\初筛_576kHz\train3_click_0027_peaknorm.wav,0.8909445206324259,1.0,0.8197895884513855,1.0,0.902546246846517,1.0,False,4.165988922119141,15.0,43.36743812663417,14.085551423101915,40.5,0.06999370455741882,1.4528445030561477,1.350050881716162,1.3470063637305907,1.3200026588733547
D:\Project_Github\雷洲湾标注\data\初筛_576kHz\train3_click_0028_peaknorm.wav,0.9553523461023966,1.0,0.9137300054232279,1.0,0.9527748425801595,1.0,False,5.197074890136719,10.0,63.85291735324147,17.84736746215472,76.5,0.011728453449904919,0.9470503192983307,1.1363724882337702,1.0029883354022218,1.118054485939217
D:\Project_Github\雷洲湾标注\data\初筛_576kHz\train3_click_0029_peaknorm.wav,0.8758600950241089,1.0,0.8004569609959921,1.0,0.7304958999156952,0.6666666666666666,False,5.430187702178955,7.0,52.07867900088653,18.392945891823047,36.0,0.03559611737728119,0.8035172371973668,1.034878910672829,0.8794666531936476,0.9506459606100164
D:\Project_Github\雷洲湾标注\data\初筛_576kHz\train3_click_0030_peaknorm.wav,0.009726691525429487,0.0,0.038973853612939514,0.0,0.0067967475624755025,0.0,False,4.584765434265137,9.0,41.682982072014354,15.898356204041788,27.0,0.14349611103534698,1.5783426924058552,1.8031168979579903,1.6521487630062044,1.6645617433165065
