method,generated_count,seed,macro_f1,source_recall,source_specificity,positive_count,detected_count,missed_count,detection_rate,miss_rate,mean_positive_probability
raw,300,369,0.9325482807348092,0.9870967741935484,0.8916256157635468,153,67,86,0.43790849673202614,0.5620915032679739,0.46810696744192637
raw,300,370,0.9521070234113712,0.9935483870967742,0.9211822660098522,153,105,48,0.6862745098039216,0.3137254901960784,0.6266447994858027
raw,300,371,0.9381692573402418,0.9935483870967742,0.896551724137931,153,100,53,0.6535947712418301,0.3464052287581699,0.5725066114545745
raw,900,369,0.9381692573402418,0.9935483870967742,0.896551724137931,153,83,70,0.5424836601307189,0.4575163398692811,0.5101302517886164
raw,900,370,0.9409533234372423,0.9935483870967742,0.9014778325123153,153,99,54,0.6470588235294118,0.3529411764705882,0.5546091487829031
raw,900,371,0.9493650993210964,1.0,0.9113300492610837,153,84,69,0.5490196078431373,0.4509803921568627,0.5134627720479187
joint,300,369,0.9298253867444468,0.9935483870967742,0.8817733990147784,153,55,98,0.35947712418300654,0.6405228758169934,0.4242480256813662
joint,300,370,0.9409533234372423,0.9935483870967742,0.9014778325123153,153,114,39,0.7450980392156863,0.2549019607843137,0.6586709937196396
joint,300,371,0.954947302186566,1.0,0.9211822660098522,153,81,72,0.5294117647058824,0.47058823529411764,0.507855955910035
joint,900,369,0.9409533234372423,0.9935483870967742,0.9014778325123153,153,71,82,0.46405228758169936,0.5359477124183006,0.4886077305688553
joint,900,370,0.954947302186566,1.0,0.9211822660098522,153,68,85,0.4444444444444444,0.5555555555555556,0.47364664916481725
joint,900,371,0.9633367207871497,1.0,0.9359605911330049,153,39,114,0.2549019607843137,0.7450980392156863,0.3538103282665248
sorted,300,369,0.9409533234372423,0.9935483870967742,0.9014778325123153,153,62,91,0.40522875816993464,0.5947712418300654,0.4553891615647278
sorted,300,370,0.9465768164432191,1.0,0.9064039408866995,153,108,45,0.7058823529411765,0.2941176470588235,0.6124105911133371
sorted,300,371,0.9465264184020818,0.9935483870967742,0.9113300492610837,153,98,55,0.6405228758169934,0.3594771241830066,0.560076310295152
sorted,900,369,0.954947302186566,1.0,0.9211822660098522,153,53,100,0.3464052287581699,0.6535947712418301,0.41221940940914803
sorted,900,370,0.9521070234113712,0.9935483870967742,0.9211822660098522,153,59,94,0.38562091503267976,0.6143790849673203,0.40905483111304886
sorted,900,371,0.9632950826136677,0.9935483870967742,0.9408866995073891,153,52,101,0.33986928104575165,0.6601307189542484,0.3855402003141505
