method,generated_count,seed,epochs,train_real_positive,train_negative,macro_f1,balanced_accuracy,auroc,auprc,positive_precision,positive_recall,positive_f1,specificity,background_specificity,other_species_specificity,tp,tn,fp,fn
baseline,0,369,50,600,600,0.9381128991702288,0.9442873033529318,0.9721595423486413,0.9257463888717358,0.884393063583815,0.9870967741935484,0.9329268292682925,0.9014778325123153,0.9148936170212766,0.7333333333333333,153,183,20,2
baseline,0,370,50,600,600,0.9407747028100112,0.9452248530112823,0.9826156046400762,0.969213573724656,0.8988095238095238,0.9741935483870968,0.934984520123839,0.916256157635468,0.9095744680851063,1.0,151,186,17,4
baseline,0,371,50,600,600,0.932420953279849,0.937835690449706,0.9818528523756554,0.9471710622950582,0.8830409356725146,0.9741935483870968,0.9263803680981595,0.9014778325123153,0.9148936170212766,0.7333333333333333,151,183,20,4
baseline,0,372,50,600,600,0.9298253867444468,0.9376608930557763,0.9886858414110917,0.9814971596202577,0.8651685393258427,0.9935483870967742,0.924924924924925,0.8817733990147784,0.8882978723404256,0.8,154,179,24,1
baseline,0,373,50,600,600,0.9268606990193613,0.9329095820753218,0.9792785634832354,0.960052788145276,0.8728323699421965,0.9741935483870968,0.9207317073170731,0.8916256157635468,0.898936170212766,0.8,151,181,22,4
raw_wavegan,150,369,50,600,750,0.9353298304312654,0.9418242491657397,0.9636739234069601,0.918624047104735,0.8793103448275862,0.9870967741935484,0.9300911854103344,0.896551724137931,0.9095744680851063,0.7333333333333333,153,182,21,2
raw_wavegan,150,370,50,600,750,0.9381692573402418,0.9450500556173527,0.9876370570475131,0.9789602601007349,0.88,0.9935483870967742,0.9333333333333333,0.896551724137931,0.9042553191489362,0.8,154,182,21,1
raw_wavegan,150,371,50,600,750,0.9409533234372423,0.9475131098045447,0.9775941522326395,0.9336612154825172,0.8850574712643678,0.9935483870967742,0.9361702127659575,0.9014778325123153,0.9148936170212766,0.7333333333333333,154,183,20,1
raw_wavegan,150,372,50,600,750,0.9298781682140479,0.9384236453201971,0.991450818369617,0.9866159741618256,0.8611111111111112,1.0,0.9253731343283582,0.8768472906403941,0.8829787234042553,0.8,155,178,25,0
raw_wavegan,150,373,50,600,750,0.924149566445639,0.9312092801525504,0.9698077228666773,0.9314084959913478,0.8636363636363636,0.9806451612903225,0.918429003021148,0.8817733990147784,0.8882978723404256,0.8,152,179,24,3
raw_wavegan,300,369,50,600,900,0.9353298304312654,0.9418242491657397,0.9683775623708882,0.9342762778702297,0.8793103448275862,0.9870967741935484,0.9300911854103344,0.896551724137931,0.9095744680851063,0.7333333333333333,153,182,21,2
raw_wavegan,300,370,50,600,900,0.9465264184020818,0.952439218178929,0.9689814079135547,0.901750885827323,0.8953488372093024,0.9935483870967742,0.9418960244648319,0.9113300492610837,0.925531914893617,0.7333333333333333,154,185,18,1
raw_wavegan,300,371,50,600,900,0.9381692573402418,0.9450500556173527,0.9720641983155888,0.9109657288268244,0.88,0.9935483870967742,0.9333333333333333,0.896551724137931,0.9095744680851063,0.7333333333333333,154,182,21,1
raw_wavegan,300,372,50,600,900,0.935439355804891,0.9433497536945813,0.9759733036707453,0.9483771376903075,0.8707865168539326,1.0,0.9309309309309309,0.8866995073891626,0.898936170212766,0.7333333333333333,155,180,23,0
raw_wavegan,300,373,50,600,900,0.9131632277802555,0.9228825679326236,0.9713967900842205,0.9436209193216846,0.8369565217391305,0.9935483870967742,0.9085545722713864,0.8522167487684729,0.8617021276595744,0.7333333333333333,154,173,30,1
raw_wavegan,450,369,50,600,1050,0.9325482807348092,0.9393611949785476,0.9646273637374861,0.9223408925153904,0.8742857142857143,0.9870967741935484,0.9272727272727272,0.8916256157635468,0.9095744680851063,0.6666666666666666,153,181,22,2
raw_wavegan,450,370,50,600,1050,0.9492630385487528,0.9541395201017002,0.9733354520896234,0.9152462947558027,0.9053254437869822,0.9870967741935484,0.9444444444444444,0.9211822660098522,0.9361702127659575,0.7333333333333333,153,187,16,2
raw_wavegan,450,371,50,600,1050,0.941005218346608,0.9482758620689655,0.9819164150643572,0.943062141523136,0.8806818181818182,1.0,0.9365558912386707,0.896551724137931,0.9095744680851063,0.7333333333333333,155,182,21,0
raw_wavegan,450,372,50,600,1050,0.932605421686747,0.9401239472429683,0.986937867471794,0.9792827367562477,0.8700564971751412,0.9935483870967742,0.927710843373494,0.8866995073891626,0.898936170212766,0.7333333333333333,154,180,23,1
raw_wavegan,450,373,50,600,1050,0.932605421686747,0.9401239472429683,0.9785793739075163,0.9456051158928725,0.8700564971751412,0.9935483870967742,0.927710843373494,0.8866995073891626,0.898936170212766,0.7333333333333333,154,180,23,1
raw_wavegan,600,369,50,600,1200,0.9353298304312654,0.9418242491657397,0.9733354520896234,0.9415518951094078,0.8793103448275862,0.9870967741935484,0.9300911854103344,0.896551724137931,0.9095744680851063,0.7333333333333333,153,182,21,2
raw_wavegan,600,370,50,600,1200,0.9465264184020818,0.952439218178929,0.9813125695216908,0.9446360093707048,0.8953488372093024,0.9935483870967742,0.9418960244648319,0.9113300492610837,0.9202127659574468,0.8,154,185,18,1
raw_wavegan,600,371,50,600,1200,0.9382216365461848,0.9458128078817734,0.9759097409820435,0.9273553304691863,0.8757062146892656,1.0,0.9337349397590362,0.8916256157635468,0.9042553191489362,0.7333333333333333,155,181,22,0
raw_wavegan,600,372,50,600,1200,0.9437389992456626,0.9499761639917368,0.9866518353726362,0.9758346714692792,0.8901734104046243,0.9935483870967742,0.9390243902439024,0.9064039408866995,0.9202127659574468,0.7333333333333333,154,184,19,1
raw_wavegan,600,373,50,600,1200,0.9409533234372423,0.9475131098045447,0.9780708723979025,0.9253923124300816,0.8850574712643678,0.9935483870967742,0.9361702127659575,0.9014778325123153,0.9148936170212766,0.7333333333333333,154,183,20,1
raw_wavegan,750,369,50,600,1350,0.9381128991702288,0.9442873033529318,0.9767360559351661,0.946567348650288,0.884393063583815,0.9870967741935484,0.9329268292682925,0.9014778325123153,0.9148936170212766,0.7333333333333333,153,183,20,2
raw_wavegan,750,370,50,600,1350,0.9465768164432191,0.9532019704433498,0.9859844271412681,0.9605824253257678,0.8908045977011494,1.0,0.9422492401215805,0.9064039408866995,0.9202127659574468,0.7333333333333333,155,184,19,0
raw_wavegan,750,371,50,600,1350,0.9381692573402418,0.9450500556173527,0.9774034641665342,0.9349460129409166,0.88,0.9935483870967742,0.9333333333333333,0.896551724137931,0.9042553191489362,0.8,154,182,21,1
raw_wavegan,750,372,50,600,1350,0.9381692573402418,0.9450500556173527,0.9865247099952328,0.9739673203808942,0.88,0.9935483870967742,0.9333333333333333,0.896551724137931,0.9095744680851063,0.7333333333333333,154,182,21,1
raw_wavegan,750,373,50,600,1350,0.9298253867444468,0.9376608930557763,0.9771492134117273,0.9341962077430708,0.8651685393258427,0.9935483870967742,0.924924924924925,0.8817733990147784,0.8936170212765957,0.7333333333333333,154,179,24,1
raw_wavegan,900,369,50,600,1500,0.9409533234372423,0.9475131098045447,0.9774352455108851,0.942898133798536,0.8850574712643678,0.9935483870967742,0.9361702127659575,0.9014778325123153,0.9148936170212766,0.7333333333333333,154,183,20,1
raw_wavegan,900,370,50,600,1500,0.9465264184020818,0.952439218178929,0.9789607500397267,0.9380319881532566,0.8953488372093024,0.9935483870967742,0.9418960244648319,0.9113300492610837,0.9202127659574468,0.8,154,185,18,1
raw_wavegan,900,371,50,600,1500,0.9520557117985804,0.9566025742888924,0.98054981725727,0.9526488134160781,0.9107142857142857,0.9870967741935484,0.9473684210526314,0.9261083743842364,0.9308510638297872,0.8666666666666667,153,188,15,2
raw_wavegan,900,372,50,600,1500,0.9381692573402418,0.9450500556173527,0.9864611473065311,0.9722911501281807,0.88,0.9935483870967742,0.9333333333333333,0.896551724137931,0.9095744680851063,0.7333333333333333,154,182,21,1
raw_wavegan,900,373,50,600,1500,0.9409533234372423,0.9475131098045447,0.9774034641665342,0.93783471549898,0.8850574712643678,0.9935483870967742,0.9361702127659575,0.9014778325123153,0.9148936170212766,0.7333333333333333,154,183,20,1
raw_wavegan,1050,369,50,600,1650,0.9409533234372423,0.9475131098045447,0.9740664230096933,0.9359533535715666,0.8850574712643678,0.9935483870967742,0.9361702127659575,0.9014778325123153,0.9148936170212766,0.7333333333333333,154,183,20,1
raw_wavegan,1050,370,50,600,1650,0.9408380877434586,0.9459876052757031,0.9773399014778326,0.9285642474804835,0.8941176470588236,0.9806451612903225,0.9353846153846154,0.9113300492610837,0.9202127659574468,0.8,152,185,18,3
raw_wavegan,1050,371,50,600,1650,0.9381128991702288,0.9442873033529318,0.9784204671857619,0.9341824199335635,0.884393063583815,0.9870967741935484,0.9329268292682925,0.9014778325123153,0.9148936170212766,0.7333333333333333,153,183,20,2
raw_wavegan,1050,372,50,600,1650,0.9465768164432191,0.9532019704433498,0.9873510249483554,0.9764896075104741,0.8908045977011494,1.0,0.9422492401215805,0.9064039408866995,0.9202127659574468,0.7333333333333333,155,184,19,0
raw_wavegan,1050,373,50,600,1650,0.932605421686747,0.9401239472429683,0.9807722866677261,0.9522058989274131,0.8700564971751412,0.9935483870967742,0.927710843373494,0.8866995073891626,0.8936170212765957,0.8,154,180,23,1
raw_wavegan,1197,369,50,600,1797,0.9437389992456626,0.9499761639917368,0.9745113618306054,0.9379323951922184,0.8901734104046243,0.9935483870967742,0.9390243902439024,0.9064039408866995,0.9148936170212766,0.8,154,184,19,1
raw_wavegan,1197,370,50,600,1797,0.9380525405065282,0.9435245510885111,0.9756872715715875,0.942689691082708,0.8888888888888888,0.9806451612903225,0.9325153374233129,0.9064039408866995,0.9202127659574468,0.7333333333333333,152,184,19,3
raw_wavegan,1197,371,50,600,1797,0.9465768164432191,0.9532019704433498,0.9739392976322898,0.9255879095594449,0.8908045977011494,1.0,0.9422492401215805,0.9064039408866995,0.9202127659574468,0.7333333333333333,155,184,19,0
raw_wavegan,1197,372,50,600,1797,0.9326582437219801,0.9408866995073892,0.9827109486731289,0.9628395283670577,0.8659217877094972,1.0,0.9281437125748503,0.8817733990147784,0.8936170212765957,0.7333333333333333,155,179,24,0
raw_wavegan,1197,373,50,600,1797,0.9521552164650204,0.958128078817734,0.9737168282218338,0.9239482553643893,0.9011627906976745,1.0,0.9480122324159022,0.916256157635468,0.9308510638297872,0.7333333333333333,155,186,17,0
joint_wavegan,150,369,50,600,750,0.9353298304312654,0.9418242491657397,0.9687907198474496,0.9291771274832997,0.8793103448275862,0.9870967741935484,0.9300911854103344,0.896551724137931,0.9095744680851063,0.7333333333333333,153,182,21,2
joint_wavegan,150,370,50,600,750,0.9492630385487528,0.9541395201017002,0.989321468298109,0.9832401361293419,0.9053254437869822,0.9870967741935484,0.9444444444444444,0.9211822660098522,0.925531914893617,0.8666666666666667,153,187,16,2
joint_wavegan,150,371,50,600,750,0.9493157149598868,0.9549022723661211,0.9825202606070237,0.9488226745543584,0.9005847953216374,0.9935483870967742,0.9447852760736196,0.916256157635468,0.925531914893617,0.8,154,186,17,1
joint_wavegan,150,372,50,600,750,0.9437902339456743,0.9507389162561577,0.9919911012235818,0.9876394360189207,0.8857142857142857,1.0,0.9393939393939393,0.9014778325123153,0.9095744680851063,0.8,155,183,20,0
joint_wavegan,150,373,50,600,750,0.9214346176756435,0.9295089782297792,0.9828698553948833,0.9596471268414681,0.8547486033519553,0.9870967741935484,0.9161676646706587,0.8719211822660099,0.8776595744680851,0.8,153,177,26,2
joint_wavegan,300,369,50,600,900,0.9409533234372423,0.9475131098045447,0.9703162243762912,0.9304538186779987,0.8850574712643678,0.9935483870967742,0.9361702127659575,0.9014778325123153,0.9148936170212766,0.7333333333333333,154,183,20,1
joint_wavegan,300,370,50,600,900,0.9437389992456626,0.9499761639917368,0.9805180359129191,0.935169097238795,0.8901734104046243,0.9935483870967742,0.9390243902439024,0.9064039408866995,0.9148936170212766,0.8,154,184,19,1
joint_wavegan,300,371,50,600,900,0.9521070234113712,0.9573653265533132,0.9770856507230256,0.9187809766751468,0.9058823529411765,0.9935483870967742,0.9476923076923077,0.9211822660098522,0.925531914893617,0.8666666666666667,154,187,16,1
joint_wavegan,300,372,50,600,900,0.9381692573402418,0.9450500556173527,0.9802955665024631,0.9563728302725185,0.88,0.9935483870967742,0.9333333333333333,0.896551724137931,0.9042553191489362,0.8,154,182,21,1
joint_wavegan,300,373,50,600,900,0.9242114176840025,0.9319720324169712,0.9778484029874464,0.9548086238416512,0.8595505617977528,0.9870967741935484,0.9189189189189189,0.8768472906403941,0.8829787234042553,0.8,153,178,25,2
joint_wavegan,450,369,50,600,1050,0.9465768164432191,0.9532019704433498,0.9635785793739076,0.9075593483349207,0.8908045977011494,1.0,0.9422492401215805,0.9064039408866995,0.9148936170212766,0.8,155,184,19,0
joint_wavegan,450,370,50,600,1050,0.9521552164650204,0.958128078817734,0.9818846337200063,0.9462716339822317,0.9011627906976745,1.0,0.9480122324159022,0.916256157635468,0.925531914893617,0.8,155,186,17,0
joint_wavegan,450,371,50,600,1050,0.9549004787100026,0.9598283807405052,0.9859208644525663,0.9603580431279626,0.9112426035502958,0.9935483870967742,0.9506172839506174,0.9261083743842364,0.9308510638297872,0.8666666666666667,154,188,15,1
joint_wavegan,450,372,50,600,1050,0.9436841277332075,0.9492134117273161,0.9886540600667408,0.9804157316570211,0.8947368421052632,0.9870967741935484,0.9386503067484663,0.9113300492610837,0.9148936170212766,0.8666666666666667,153,185,18,2
joint_wavegan,450,373,50,600,1050,0.9409533234372423,0.9475131098045447,0.981979977753059,0.9372150217843986,0.8850574712643678,0.9935483870967742,0.9361702127659575,0.9014778325123153,0.9148936170212766,0.7333333333333333,154,183,20,1
joint_wavegan,600,369,50,600,1200,0.9465768164432191,0.9532019704433498,0.9703797870649928,0.9314459694062942,0.8908045977011494,1.0,0.9422492401215805,0.9064039408866995,0.9148936170212766,0.8,155,184,19,0
joint_wavegan,600,370,50,600,1200,0.9605379188712522,0.9655172413793103,0.9862704592404259,0.9474939924835079,0.9171597633136095,1.0,0.9567901234567902,0.9310344827586207,0.9361702127659575,0.8666666666666667,155,189,14,0
joint_wavegan,600,371,50,600,1200,0.941005218346608,0.9482758620689655,0.9775941522326395,0.9348119782561989,0.8806818181818182,1.0,0.9365558912386707,0.896551724137931,0.898936170212766,0.8666666666666667,155,182,21,0
joint_wavegan,600,372,50,600,1200,0.941005218346608,0.9482758620689655,0.9891625615763546,0.9830884647393839,0.8806818181818182,1.0,0.9365558912386707,0.896551724137931,0.9042553191489362,0.8,155,182,21,0
joint_wavegan,600,373,50,600,1200,0.9465264184020818,0.952439218178929,0.9834419195931988,0.9527467336875999,0.8953488372093024,0.9935483870967742,0.9418960244648319,0.9113300492610837,0.925531914893617,0.7333333333333333,154,185,18,1
joint_wavegan,750,369,50,600,1350,0.9493650993210964,0.9556650246305418,0.9739710789766407,0.9410966402737421,0.8959537572254336,1.0,0.9451219512195123,0.9113300492610837,0.9148936170212766,0.8666666666666667,155,185,18,0
joint_wavegan,750,370,50,600,1350,0.9521552164650204,0.958128078817734,0.9814714762434451,0.9424187882151489,0.9011627906976745,1.0,0.9480122324159022,0.916256157635468,0.925531914893617,0.8,155,186,17,0
joint_wavegan,750,371,50,600,1350,0.9465768164432191,0.9532019704433498,0.9804544732242174,0.9432444343301907,0.8908045977011494,1.0,0.9422492401215805,0.9064039408866995,0.9095744680851063,0.8666666666666667,155,184,19,0
joint_wavegan,750,372,50,600,1350,0.941005218346608,0.9482758620689655,0.9913872556809153,0.9875379502347257,0.8806818181818182,1.0,0.9365558912386707,0.896551724137931,0.898936170212766,0.8666666666666667,155,182,21,0
joint_wavegan,750,373,50,600,1350,0.9465264184020818,0.952439218178929,0.9816939456539011,0.9465872906031502,0.8953488372093024,0.9935483870967742,0.9418960244648319,0.9113300492610837,0.925531914893617,0.7333333333333333,154,185,18,1
joint_wavegan,900,369,50,600,1500,0.9521552164650204,0.958128078817734,0.9756872715715875,0.9440332402651481,0.9011627906976745,1.0,0.9480122324159022,0.916256157635468,0.9202127659574468,0.8666666666666667,155,186,17,0
joint_wavegan,900,370,50,600,1500,0.9521070234113712,0.9573653265533132,0.9750834260289211,0.9195630451192648,0.9058823529411765,0.9935483870967742,0.9476923076923077,0.9211822660098522,0.925531914893617,0.8666666666666667,154,187,16,1
joint_wavegan,900,371,50,600,1500,0.9605379188712522,0.9655172413793103,0.9792785634832354,0.9299304440190652,0.9171597633136095,1.0,0.9567901234567902,0.9310344827586207,0.9361702127659575,0.8666666666666667,155,189,14,0
joint_wavegan,900,372,50,600,1500,0.9465768164432191,0.9532019704433498,0.9891625615763546,0.9804804185391776,0.8908045977011494,1.0,0.9422492401215805,0.9064039408866995,0.9095744680851063,0.8666666666666667,155,184,19,0
joint_wavegan,900,373,50,600,1500,0.9437902339456743,0.9507389162561577,0.984363578579374,0.9536507633202933,0.8857142857142857,1.0,0.9393939393939393,0.9014778325123153,0.9095744680851063,0.8,155,183,20,0
joint_wavegan,1050,369,50,600,1650,0.9493650993210964,0.9556650246305418,0.9749563006515175,0.9306103405304953,0.8959537572254336,1.0,0.9451219512195123,0.9113300492610837,0.9148936170212766,0.8666666666666667,155,185,18,0
joint_wavegan,1050,370,50,600,1650,0.9548507109751868,0.9590656284760846,0.9794374702049897,0.9344943608367703,0.9161676646706587,0.9870967741935484,0.9503105590062112,0.9310344827586207,0.9361702127659575,0.8666666666666667,153,189,14,2
joint_wavegan,1050,371,50,600,1650,0.9549004787100026,0.9598283807405052,0.9786111552518671,0.9310900724459741,0.9112426035502958,0.9935483870967742,0.9506172839506174,0.9261083743842364,0.9308510638297872,0.8666666666666667,154,188,15,1
joint_wavegan,1050,372,50,600,1650,0.941005218346608,0.9482758620689655,0.985285237565549,0.9653271636634464,0.8806818181818182,1.0,0.9365558912386707,0.896551724137931,0.9042553191489362,0.8,155,182,21,0
joint_wavegan,1050,373,50,600,1650,0.9493650993210964,0.9556650246305418,0.9788971873510249,0.9450836750148743,0.8959537572254336,1.0,0.9451219512195123,0.9113300492610837,0.9202127659574468,0.8,155,185,18,0
joint_wavegan,1197,369,50,600,1797,0.954947302186566,0.9605911330049262,0.9793103448275862,0.9476132949833875,0.9064327485380117,1.0,0.950920245398773,0.9211822660098522,0.925531914893617,0.8666666666666667,155,187,16,0
joint_wavegan,1197,370,50,600,1797,0.9493157149598868,0.9549022723661211,0.9648498331479421,0.8863326142438147,0.9005847953216374,0.9935483870967742,0.9447852760736196,0.916256157635468,0.925531914893617,0.8,154,186,17,1
joint_wavegan,1197,371,50,600,1797,0.9493157149598868,0.9549022723661211,0.9757190529159383,0.9190719026902945,0.9005847953216374,0.9935483870967742,0.9447852760736196,0.916256157635468,0.9202127659574468,0.8666666666666667,154,186,17,1
joint_wavegan,1197,372,50,600,1797,0.935439355804891,0.9433497536945813,0.9816303829651994,0.9626661448180585,0.8707865168539326,1.0,0.9309309309309309,0.8866995073891626,0.8882978723404256,0.8666666666666667,155,180,23,0
joint_wavegan,1197,373,50,600,1797,0.9549004787100026,0.9598283807405052,0.9756872715715875,0.9308770616378931,0.9112426035502958,0.9935483870967742,0.9506172839506174,0.9261083743842364,0.925531914893617,0.9333333333333333,154,188,15,1
