method,method_label,generated_count,positive_count,negative_count,runs,macro_f1_mean,macro_f1_std,balanced_accuracy_mean,balanced_accuracy_std,auroc_mean,auroc_std,auprc_mean,auprc_std,positive_precision_mean,positive_precision_std,positive_recall_mean,positive_recall_std,positive_f1_mean,positive_f1_std,specificity_mean,specificity_std,background_specificity_mean,background_specificity_std,other_species_specificity_mean,other_species_specificity_std
baseline,No augmentation,0,600,600,5,0.9335989282047794,0.005764083788726606,0.9395836643890035,0.005129402153205929,0.98091848085174,0.005989438663873292,0.9567361945313968,0.02139889007861152,0.8808488864667785,0.01274841743672584,0.9806451612903226,0.009123958466923158,0.9279896699464578,0.005872904034391361,0.8985221674876849,0.012845719025029834,0.9053191489361702,0.011531640100361043,0.8133333333333332,0.10954451150103325
raw_wavegan,Raw WaveGAN,150,750,750,5,0.9336960291736872,0.00672789732628819,0.940804068012077,0.006360164863524704,0.9780327347846814,0.011686601442548298,0.949853998568232,0.030726088132601817,0.8738230581678857,0.01072193203623116,0.9909677419354839,0.007355970484510586,0.9286793737718263,0.006995829835027976,0.8906403940886699,0.010679548467329445,0.9,0.013768275644196564,0.7733333333333332,0.03651483716701113
raw_wavegan,Raw WaveGAN,300,900,900,5,0.9337256179517471,0.012368596402357738,0.9411091689178452,0.010973162119622718,0.9713586524709994,0.0030138200420130076,0.9277981899072738,0.020479326633782113,0.8724804441259904,0.02174266035757555,0.9935483870967742,0.004561979233461608,0.9289612092821635,0.012328953686770068,0.8886699507389164,0.022194838080923783,0.901063829787234,0.023965702821422994,0.7333333333333333,0.0
raw_wavegan,Raw WaveGAN,450,1050,1050,5,0.9376054762007329,0.007467150106008184,0.94440489432703,0.00655437352503908,0.9770792944541554,0.008542633820013345,0.9411074362886899,0.025011923990084003,0.8800811941209593,0.014766597227312562,0.992258064516129,0.005397806622800501,0.932738949940566,0.007616280982335881,0.8965517241379312,0.014361950479914514,0.9106382978723404,0.015231724535400388,0.72,0.029814239699997188
raw_wavegan,Raw WaveGAN,600,1200,1200,5,0.9409540416124873,0.004413195029593247,0.9475131098045448,0.0040493006075601485,0.9790560940727792,0.005157104603495273,0.9429540437697319,0.020234036740992972,0.8851192556790293,0.00794577594611814,0.9935483870967742,0.004561979233461608,0.9361833505288125,0.004577540657688464,0.9014778325123152,0.0077888612319418115,0.9138297872340427,0.0069353217076624,0.7466666666666667,0.02981423969999724
raw_wavegan,Raw WaveGAN,750,1350,1350,5,0.9381707234076757,0.005922634381885892,0.9450500556173527,0.005514418140397785,0.9807595741299856,0.0050255039001335655,0.9500518630081874,0.017136016124829675,0.8800732401221614,0.009433765741827697,0.9935483870967742,0.004561979233461608,0.933353532196293,0.006131026247780124,0.8965517241379309,0.009215904893531864,0.9085106382978724,0.010231587266846476,0.7466666666666667,0.02981423969999724
raw_wavegan,Raw WaveGAN,900,1500,1500,5,0.9437316068830779,0.005556058502179121,0.9498236135388527,0.004643797118904556,0.9801620848561894,0.003752245009120912,0.9487409601990062,0.014471088750901716,0.8912356130904648,0.012236371747817424,0.992258064516129,0.0028852490032255425,0.9389876408765423,0.005624570373956962,0.9073891625615763,0.011760922548091928,0.9180851063829788,0.008066888770267617,0.7733333333333333,0.05962847939999443
raw_wavegan,Raw WaveGAN,1050,1650,1650,5,0.9398173096961792,0.005072962408852752,0.9462227872238994,0.00477941388271923,0.9795900206578738,0.00496417070472071,0.9454791054847,0.019438161314577145,0.8848858553566593,0.009225503357534592,0.9909677419354838,0.007355970484510587,0.934888348182788,0.005278170133179134,0.9014778325123153,0.009215904893531864,0.9127659574468086,0.01103002199645094,0.76,0.03651483716701113
raw_wavegan,Raw WaveGAN,1197,1797,1797,5,0.942636363276482,0.007548606565039125,0.9491434927697441,0.007029127069544116,0.9761131415858891,0.003766498283794249,0.9385995559131637,0.01572191243378977,0.8873902950803668,0.012963674449776768,0.9948387096774194,0.008411874071229246,0.9379889825559096,0.007851393720219334,0.903448275862069,0.012845719025029833,0.9159574468085105,0.013768275644196595,0.7466666666666667,0.02981423969999724
joint_wavegan,PSD+Crest WaveGAN,150,750,750,5,0.9398266871122445,0.01176101632085248,0.9462227872238996,0.010689973004754499,0.9830986810742093,0.008984749618683495,0.9617053002054778,0.024313621185278512,0.8851366946004895,0.02002464395754656,0.9909677419354839,0.005770498006451085,0.9349765019985993,0.012072762897850715,0.9014778325123153,0.019394108064068476,0.9095744680851062,0.01954380113922748,0.8,0.0471404520791032
joint_wavegan,PSD+Crest WaveGAN,300,900,900,5,0.9398360042237041,0.010173070259029776,0.9463753376767837,0.00927701333964495,0.977212776100429,0.004135545525554133,0.9391170693412221,0.01618781353871314,0.8841327592815842,0.016820772240093294,0.992258064516129,0.0028852490032255425,0.9350278325908838,0.010488503975276304,0.9004926108374385,0.016113721412607,0.9085106382978724,0.0161337775405352,0.8,0.0471404520791032
joint_wavegan,PSD+Crest WaveGAN,450,1050,1050,5,0.9476539925577384,0.0058006827181710545,0.95357699030669,0.005379228421714433,0.980403623073256,0.00982687698506431,0.9463639557773069,0.027133314378353236,0.8966008610637501,0.010068675542665783,0.9948387096774193,0.005397806622800501,0.9431398552005048,0.0061069050391664315,0.9123152709359605,0.009475558651069617,0.9202127659574468,0.007522412565814326,0.8133333333333332,0.05577733510227173
joint_wavegan,PSD+Crest WaveGAN,600,1200,1200,5,0.9471303180819539,0.007991691175034421,0.953542030827904,0.007074647894942086,0.9813697759415223,0.007484536958909089,0.9499174277145969,0.020515634789615503,0.8929353669175395,0.01497902959385269,0.9987096774193548,0.0028852490032255425,0.9428094341041089,0.008288869132503948,0.9083743842364532,0.014191980582155582,0.9159574468085105,0.01523172453540037,0.8133333333333332,0.05577733510227173
joint_wavegan,PSD+Crest WaveGAN,750,1350,1350,5,0.9471257537956053,0.004136171310487048,0.953542030827904,0.0036947025946808066,0.9817956459558239,0.006227700193089593,0.9521770207313915,0.019871018160807528,0.8927903602030757,0.007700820090970102,0.9987096774193548,0.0028852490032255425,0.9427670678920995,0.004262124002175754,0.9083743842364532,0.007470813245370977,0.9148936170212766,0.011283618848721486,0.8266666666666665,0.059628479399994425
joint_wavegan,PSD+Crest WaveGAN,900,1500,1500,5,0.9510334418273075,0.006424009843255658,0.9569903066899729,0.005647458596180892,0.9807150802478946,0.005994360904472355,0.9455315822525897,0.023491209647092576,0.9001447580735793,0.012439291749349131,0.9987096774193549,0.0028852490032255425,0.9468275686161041,0.006663775884559202,0.9152709359605911,0.011760922548091928,0.9202127659574468,0.011283618848721526,0.8533333333333333,0.029814239699997188
joint_wavegan,PSD+Crest WaveGAN,1050,1650,1650,5,0.9498973213347981,0.00568338958604129,0.9556999841093278,0.004568677411141701,0.9794374702049897,0.0037165832976751253,0.9413211224983122,0.014632555519978933,0.899999920170728,0.014086570070477741,0.9961290322580645,0.005770498006451085,0.9455455273269047,0.0056921136801577335,0.9152709359605911,0.013669395985725705,0.9212765957446809,0.012699294027992889,0.8400000000000001,0.036514837167011066
joint_wavegan,PSD+Crest WaveGAN,1197,1797,1797,5,0.9487837133242467,0.007969356553905717,0.9547147624344511,0.006890474709115191,0.9754393770856508,0.006434109420008665,0.9293122036746896,0.02916321735177375,0.8979262919171029,0.015814444591409432,0.9961290322580645,0.0035336939193881776,0.9444078024855121,0.00810679672068574,0.9133004926108376,0.015421158465515773,0.9170212765957446,0.01622122412976263,0.8666666666666666,0.04714045207910316
